Order_ID,Distance_km,Weather,Traffic_Level,Time_of_Day,Vehicle_Type,Preparation_Time_min,Courier_Experience_yrs,Delivery_Time_min,Speed_km_per_min,Delivery_Category
522,7.93,Windy,Low,Afternoon,Scooter,12,1.0,43,0.18441860465116278,Medium
738,16.42,Clear,Medium,Evening,Bike,20,2.0,84,0.1954761904761905,Slow
741,9.52,Foggy,Low,Night,Scooter,28,1.0,59,0.1613559322033898,Medium
661,7.44,Rainy,Medium,Afternoon,Scooter,5,1.0,37,0.20108108108108108,Fast
412,19.03,Clear,Low,Morning,Bike,16,5.0,68,0.2798529411764706,Medium
679,19.4,Clear,Low,Evening,Scooter,8,9.0,57,0.3403508771929824,Medium
627,9.52,Clear,Low,Unknown,Bike,12,1.0,49,0.19428571428571428,Medium
514,17.39,Clear,Medium,Evening,Scooter,5,6.0,46,0.3780434782608696,Medium
860,1.78,Snowy,Low,Evening,Car,20,6.0,35,0.05085714285714286,Fast
137,10.62,Foggy,Low,Evening,Scooter,29,1.0,73,0.1454794520547945,Slow
812,16.86,Snowy,Medium,Afternoon,Car,13,4.0,88,0.1915909090909091,Slow
77,15.54,Clear,Low,Night,Bike,29,1.0,76,0.2044736842105263,Slow
637,10.89,Clear,High,Night,Bike,12,5.0,53,0.20547169811320756,Medium
974,4.69,Rainy,Medium,Evening,Scooter,12,7.0,36,0.1302777777777778,Fast
939,2.8,Clear,High,Morning,Scooter,10,5.0,33,0.08484848484848484,Fast
900,2.17,Snowy,Low,Evening,Car,15,3.0,35,0.062,Fast
281,17.86,Rainy,Low,Afternoon,Bike,5,1.0,50,0.35719999999999996,Medium
884,2.53,Snowy,Low,Morning,Bike,6,8.0,24,0.10541666666666666,Fast
762,6.58,Foggy,Low,Evening,Car,6,7.0,27,0.2437037037037037,Fast
320,5.38,Clear,Medium,Evening,Scooter,26,1.0,47,0.11446808510638298,Medium
550,15.56,Rainy,Low,Afternoon,Scooter,28,0.0,72,0.21611111111111111,Slow
175,13.08,Rainy,Low,Morning,Car,16,4.0,58,0.22551724137931034,Medium
372,0.86,Clear,High,Afternoon,Bike,26,5.0,37,0.023243243243243242,Fast
528,5.83,Clear,High,Evening,Car,27,9.0,56,0.10410714285714286,Medium
211,11.2,Clear,Medium,Morning,Bike,23,5.0,73,0.15342465753424656,Slow
236,14.59,Clear,Medium,Morning,Bike,15,6.0,64,0.22796875,Medium
102,12.91,Windy,Medium,Evening,Bike,11,6.0,56,0.2305357142857143,Medium
987,13.92,Snowy,Low,Morning,Scooter,18,4.0,70,0.19885714285714284,Slow
903,4.04,Snowy,Low,Night,Bike,11,9.0,70,0.05771428571428572,Slow
948,18.05,Clear,Medium,Evening,Scooter,10,7.0,123,0.1467479674796748,Slow
347,12.88,Clear,Medium,Morning,Scooter,8,5.0,52,0.2476923076923077,Medium
140,19.45,Rainy,High,Morning,Scooter,20,6.0,108,0.18009259259259258,Slow
622,4.58,Clear,High,Morning,Scooter,22,9.0,45,0.10177777777777777,Medium
500,19.73,Foggy,Medium,Evening,Bike,27,4.0,111,0.17774774774774776,Slow
371,2.47,Windy,Medium,Morning,Bike,27,2.0,44,0.056136363636363644,Medium
199,17.8,Snowy,Medium,Morning,Bike,16,9.0,73,0.24383561643835616,Slow
688,5.96,Clear,Medium,Afternoon,Bike,22,7.0,45,0.13244444444444445,Medium
585,12.85,Windy,Medium,Afternoon,Scooter,18,7.0,61,0.21065573770491802,Medium
902,1.02,Clear,Medium,Afternoon,Bike,25,4.0,34,0.03,Fast
60,6.84,Rainy,Medium,Night,Car,14,8.0,47,0.14553191489361703,Medium
329,8.68,Rainy,Medium,Morning,Bike,8,5.0,52,0.16692307692307692,Medium
97,10.69,Clear,Medium,Night,Bike,25,9.0,67,0.15955223880597014,Medium
313,0.99,Unknown,Medium,Evening,Bike,15,5.0,32,0.0309375,Fast
975,1.11,Clear,Low,Morning,Bike,5,6.0,8,0.13875,Fast
300,2.16,Snowy,Low,Evening,Scooter,15,0.0,36,0.060000000000000005,Fast
278,13.17,Windy,Medium,Afternoon,Bike,16,4.0,67,0.19656716417910447,Medium
925,8.79,Snowy,Low,Night,Bike,14,6.0,43,0.20441860465116277,Medium
602,5.93,Clear,Low,Afternoon,Scooter,19,3.0,36,0.16472222222222221,Fast
440,2.09,Rainy,Low,Night,Bike,23,2.0,36,0.058055555555555555,Fast
838,7.57,Clear,Low,Morning,Bike,21,0.0,56,0.13517857142857143,Medium
571,10.52,Rainy,Medium,Afternoon,Scooter,8,4.0,56,0.18785714285714286,Medium
880,4.83,Rainy,Low,Morning,Car,25,9.0,47,0.10276595744680851,Medium
262,19.81,Snowy,Medium,Afternoon,Car,20,5.0,104,0.19048076923076923,Slow
579,10.1,Rainy,Low,Evening,Car,8,4.0,50,0.20199999999999999,Medium
24,7.64,Windy,Low,Afternoon,Car,10,8.0,31,0.2464516129032258,Fast
31,12.35,Clear,Low,Morning,Scooter,10,6.0,35,0.35285714285714287,Fast
618,5.9,Rainy,Low,Evening,Car,26,9.0,44,0.1340909090909091,Medium
11,0.9,Clear,Low,Afternoon,Bike,20,8.0,23,0.0391304347826087,Fast
222,11.58,Clear,Medium,Morning,Scooter,16,2.0,61,0.1898360655737705,Medium
821,16.16,Clear,High,Afternoon,Bike,11,1.0,82,0.19707317073170733,Slow
297,15.51,Clear,Low,Evening,Bike,17,9.0,69,0.22478260869565217,Medium
55,12.16,Windy,High,Evening,Scooter,11,0.0,69,0.17623188405797102,Medium
543,4.96,Rainy,High,Morning,Bike,21,0.0,60,0.08266666666666667,Medium
210,3.64,Windy,High,Evening,Bike,17,6.0,40,0.091,Medium
605,2.85,Clear,Low,Morning,Scooter,26,0.0,38,0.075,Fast
693,10.4,Clear,Low,Evening,Bike,16,4.0,52,0.2,Medium
663,12.31,Windy,Low,Morning,Bike,29,4.0,68,0.18102941176470588,Medium
867,3.53,Clear,Medium,Afternoon,Bike,13,7.0,31,0.11387096774193547,Fast
71,15.56,Clear,Medium,Evening,Bike,14,3.0,54,0.28814814814814815,Medium
544,13.6,Clear,Medium,Afternoon,Bike,27,0.0,87,0.15632183908045977,Slow
108,15.23,Snowy,High,Morning,Bike,5,0.0,62,0.2456451612903226,Medium
494,4.17,Unknown,Low,Evening,Scooter,5,1.0,22,0.18954545454545454,Fast
591,3.21,Rainy,High,Night,Scooter,16,0.0,42,0.07642857142857143,Medium
742,6.38,Snowy,Low,Evening,Bike,16,1.0,111,0.05747747747747747,Slow
293,16.54,Rainy,Low,Afternoon,Scooter,6,7.0,51,0.32431372549019605,Medium
290,12.02,Clear,Low,Morning,Car,9,7.0,41,0.29317073170731706,Medium
653,11.94,Clear,Low,Evening,Bike,20,3.0,69,0.17304347826086955,Medium
40,9.08,Clear,Low,Afternoon,Scooter,14,5.0,49,0.1853061224489796,Medium
590,3.46,Snowy,Medium,Morning,Scooter,23,3.0,48,0.07208333333333333,Medium
308,6.8,Foggy,Medium,Morning,Scooter,13,7.0,46,0.14782608695652175,Medium
680,17.38,Rainy,Medium,Afternoon,Scooter,11,2.0,92,0.18891304347826085,Slow
67,3.25,Clear,Low,Morning,Bike,23,7.0,32,0.1015625,Fast
276,10.28,Clear,Medium,Evening,Scooter,29,3.0,71,0.14478873239436618,Slow
68,16.14,Clear,Low,Night,Car,6,9.0,65,0.2483076923076923,Medium
319,3.55,Clear,Medium,Evening,Bike,23,0.0,43,0.08255813953488372,Medium
549,10.65,Clear,Unknown,Afternoon,Scooter,23,8.0,58,0.18362068965517242,Medium
999,19.03,Clear,Low,Afternoon,Car,26,5.0,68,0.2798529411764706,Medium
715,7.3,Clear,Low,Night,Scooter,14,7.0,28,0.26071428571428573,Fast
754,7.03,Clear,Low,Evening,Scooter,21,1.0,44,0.1597727272727273,Medium
328,12.43,Snowy,Low,Afternoon,Car,12,0.0,70,0.17757142857142857,Slow
383,12.76,Windy,High,Morning,Scooter,27,5.0,74,0.17243243243243242,Slow
452,11.39,Rainy,High,Evening,Scooter,14,1.0,72,0.15819444444444444,Slow
523,19.41,Clear,Low,Morning,Car,7,3.0,48,0.404375,Medium
219,13.17,Rainy,High,Evening,Scooter,17,8.0,69,0.1908695652173913,Medium
788,8.32,Rainy,Low,Afternoon,Car,12,2.0,49,0.16979591836734695,Medium
437,1.92,Clear,Low,Unknown,Bike,8,7.0,14,0.13714285714285715,Fast
765,1.15,Clear,Low,Afternoon,Scooter,26,4.0,30,0.03833333333333333,Fast
89,17.8,Windy,High,Afternoon,Car,12,9.0,73,0.24383561643835616,Slow
64,7.46,Clear,Medium,Evening,Bike,8,5.0,42,0.17761904761904762,Medium
827,7.25,Clear,Medium,Afternoon,Scooter,18,4.0,45,0.16111111111111112,Medium
717,16.7,Clear,Medium,Afternoon,Scooter,28,1.0,76,0.21973684210526315,Slow
352,17.2,Rainy,High,Afternoon,Scooter,14,2.0,94,0.1829787234042553,Slow
937,0.86,Clear,Medium,Afternoon,Car,21,7.0,28,0.030714285714285715,Fast
257,18.76,Clear,Medium,Evening,Car,15,2.0,80,0.23450000000000001,Slow
636,9.22,Clear,Medium,Afternoon,Car,18,9.0,57,0.1617543859649123,Medium
645,2.84,Clear,Low,Evening,Scooter,24,2.0,35,0.08114285714285714,Fast
555,17.59,Clear,Low,Morning,Bike,24,6.0,69,0.2549275362318841,Medium
960,14.89,Snowy,High,Morning,Scooter,17,6.0,87,0.17114942528735633,Slow
169,1.3,Clear,Medium,Evening,Bike,22,4.0,31,0.041935483870967745,Fast
918,18.99,Rainy,High,Afternoon,Bike,10,6.0,70,0.27128571428571424,Slow
529,1.6,Foggy,Low,Night,Scooter,24,5.0,37,0.043243243243243246,Fast
824,8.26,Snowy,Low,Afternoon,Bike,15,1.0,57,0.14491228070175438,Medium
986,10.16,Clear,High,Night,Bike,12,5.0,52,0.19538461538461538,Medium
817,12.03,Clear,Medium,Unknown,Car,20,5.0,65,0.18507692307692306,Medium
87,14.73,Rainy,Low,Afternoon,Bike,24,6.0,74,0.19905405405405405,Slow
433,12.56,Clear,High,Evening,Bike,17,5.0,69,0.1820289855072464,Medium
185,5.53,Clear,Medium,Afternoon,Bike,19,1.0,44,0.1256818181818182,Medium
979,10.18,Foggy,Medium,Morning,Bike,25,3.0,73,0.13945205479452055,Slow
535,15.5,Clear,Medium,Morning,Scooter,28,9.0,91,0.17032967032967034,Slow
295,2.98,Foggy,Unknown,Night,Bike,11,2.0,27,0.11037037037037037,Fast
893,16.69,Foggy,Medium,Evening,Scooter,8,2.0,65,0.2567692307692308,Medium
426,11.22,Windy,High,Evening,Bike,25,5.0,79,0.14202531645569622,Slow
714,8.53,Clear,Low,Evening,Scooter,8,2.0,41,0.20804878048780487,Medium
261,12.49,Clear,Medium,Morning,Bike,25,4.0,77,0.16220779220779222,Slow
238,0.97,Clear,Low,Night,Scooter,24,8.0,26,0.037307692307692306,Fast
560,12.6,Windy,Medium,Afternoon,Car,8,6.0,58,0.21724137931034482,Medium
584,6.91,Clear,Medium,Evening,Scooter,28,9.0,56,0.12339285714285715,Medium
446,18.97,Clear,Low,Evening,Car,25,4.0,141,0.13453900709219857,Slow
868,4.05,Clear,Medium,Evening,Bike,20,5.0,44,0.09204545454545454,Medium
801,14.29,Windy,Medium,Morning,Bike,14,7.0,78,0.1832051282051282,Slow
600,1.3,Foggy,Low,Evening,Bike,19,5.0,29,0.04482758620689655,Fast
850,12.11,Rainy,Low,Morning,Bike,9,5.0,59,0.20525423728813558,Medium
266,14.94,Clear,Medium,Morning,Bike,11,0.0,62,0.24096774193548387,Medium
996,2.29,Rainy,High,Afternoon,Car,8,8.0,80,0.028625,Slow
530,17.36,Rainy,High,Afternoon,Bike,24,1.0,105,0.16533333333333333,Slow
56,18.48,Clear,Medium,Night,Bike,8,0.0,82,0.2253658536585366,Slow
121,16.25,Foggy,High,Morning,Bike,10,5.0,91,0.17857142857142858,Slow
216,5.13,Clear,Low,Morning,Car,15,4.0,30,0.17099999999999999,Fast
26,15.81,Clear,Low,Unknown,Car,25,1.0,92,0.17184782608695653,Slow
73,0.61,Clear,Low,Afternoon,Scooter,10,0.0,16,0.038125,Fast
45,5.55,Foggy,High,Evening,Bike,18,1.0,116,0.047844827586206895,Slow
248,19.35,Clear,High,Unknown,Bike,12,7.0,75,0.258,Slow
722,4.03,Clear,Medium,Evening,Bike,9,5.0,25,0.1612,Fast
282,7.09,Snowy,Low,Morning,Scooter,13,8.0,37,0.1916216216216216,Fast
894,8.25,Clear,Medium,Afternoon,Bike,7,9.0,28,0.29464285714285715,Fast
915,11.26,Clear,Low,Night,Bike,5,6.0,49,0.22979591836734695,Medium
811,19.7,Rainy,Low,Evening,Bike,10,2.0,60,0.3283333333333333,Medium
245,0.8,Snowy,High,Evening,Bike,14,9.0,36,0.022222222222222223,Fast
823,7.0,Rainy,Medium,Evening,Bike,17,9.0,49,0.14285714285714285,Medium
322,14.43,Clear,Medium,Morning,Car,14,4.0,113,0.12769911504424777,Slow
644,6.89,Rainy,Medium,Afternoon,Bike,11,6.0,43,0.16023255813953488,Medium
159,5.13,Foggy,Medium,Evening,Car,25,1.0,60,0.08549999999999999,Medium
978,1.5,Clear,Low,Afternoon,Bike,10,1.0,17,0.08823529411764706,Fast
430,2.78,Unknown,High,Afternoon,Scooter,9,0.0,41,0.06780487804878048,Medium
942,11.31,Clear,Medium,Evening,Bike,7,0.0,54,0.20944444444444446,Medium
463,15.05,Clear,Medium,Evening,Car,12,2.0,66,0.22803030303030303,Medium
310,5.78,Foggy,Low,Afternoon,Scooter,9,9.0,33,0.17515151515151517,Fast
698,11.83,Clear,Low,Evening,Scooter,9,7.0,32,0.3696875,Fast
61,8.08,Foggy,Low,Morning,Bike,25,2.0,61,0.13245901639344262,Medium
885,16.1,Clear,Low,Evening,Bike,25,0.0,64,0.2515625,Medium
596,9.74,Rainy,Medium,Evening,Scooter,7,8.0,37,0.2632432432432433,Fast
768,17.6,Clear,Low,Afternoon,Bike,27,3.0,69,0.255072463768116,Medium
650,10.22,Snowy,Medium,Night,Bike,18,1.0,68,0.15029411764705883,Medium
651,2.19,Clear,Low,Evening,Bike,26,3.0,32,0.0684375,Fast
866,11.41,Windy,Medium,Afternoon,Scooter,17,4.0,68,0.16779411764705882,Medium
669,4.14,Clear,Medium,Morning,Scooter,14,2.0,30,0.13799999999999998,Fast
299,12.65,Rainy,Low,Afternoon,Bike,18,8.0,60,0.21083333333333334,Medium
690,4.15,Unknown,Medium,Morning,Car,17,8.0,46,0.09021739130434783,Medium
315,16.8,Unknown,High,Morning,Car,19,4.0,85,0.19764705882352943,Slow
311,9.06,Clear,Medium,Evening,Bike,23,4.0,47,0.19276595744680852,Medium
362,13.04,Clear,Medium,Morning,Scooter,20,6.0,65,0.2006153846153846,Medium
480,10.7,Clear,Medium,Afternoon,Scooter,8,5.0,44,0.24318181818181817,Medium
111,6.15,Foggy,Low,Evening,Scooter,26,5.0,48,0.12812500000000002,Medium
990,16.47,Snowy,High,Evening,Scooter,20,9.0,75,0.2196,Slow
487,1.39,Clear,Medium,Afternoon,Bike,15,4.0,24,0.057916666666666665,Fast
364,11.14,Rainy,Medium,Morning,Scooter,7,3.0,47,0.2370212765957447,Medium
255,3.81,Rainy,High,Afternoon,Bike,5,6.0,31,0.12290322580645162,Fast
260,2.39,Rainy,Medium,Evening,Bike,27,7.0,43,0.055581395348837215,Medium
803,11.74,Clear,High,Evening,Car,6,3.0,54,0.2174074074074074,Medium
678,8.26,Clear,Low,Unknown,Car,21,4.0,80,0.10325,Slow
495,9.54,Rainy,Medium,Evening,Scooter,11,5.0,47,0.2029787234042553,Medium
671,3.88,Clear,Medium,Morning,Bike,16,2.0,35,0.11085714285714285,Fast
378,0.95,Rainy,Medium,Morning,Car,27,0.0,44,0.02159090909090909,Medium
527,8.59,Clear,Low,Night,Scooter,17,8.0,36,0.2386111111111111,Fast
846,8.59,Clear,Low,Evening,Bike,22,2.0,43,0.1997674418604651,Medium
138,14.21,Clear,Medium,Evening,Bike,24,5.0,58,0.24500000000000002,Medium
356,13.03,Foggy,Low,Morning,Scooter,9,1.0,50,0.2606,Medium
366,8.03,Clear,Low,Evening,Scooter,14,8.0,42,0.1911904761904762,Medium
943,13.2,Snowy,Low,Morning,Car,14,3.0,62,0.2129032258064516,Medium
750,12.67,Clear,Medium,Evening,Car,10,3.0,65,0.19492307692307692,Medium
949,17.54,Clear,Unknown,Morning,Car,16,8.0,54,0.3248148148148148,Medium
830,9.32,Clear,Low,Morning,Scooter,6,5.0,30,0.3106666666666667,Fast
657,6.03,Rainy,High,Afternoon,Car,8,6.0,46,0.13108695652173913,Medium
200,15.71,Clear,Low,Afternoon,Scooter,28,5.0,69,0.22768115942028988,Medium
214,4.87,Snowy,High,Evening,Bike,16,7.0,54,0.09018518518518519,Medium
409,18.15,Rainy,High,Morning,Bike,22,7.0,108,0.16805555555555554,Slow
333,0.78,Clear,Medium,Morning,Bike,6,1.0,17,0.04588235294117647,Fast
209,0.6,Clear,Low,Afternoon,Bike,26,3.0,30,0.02,Fast
614,2.09,Clear,Medium,Evening,Bike,5,5.0,16,0.130625,Fast
79,7.49,Clear,Unknown,Morning,Scooter,13,9.0,45,0.16644444444444445,Medium
30,1.41,Foggy,Medium,Evening,Bike,15,0.0,72,0.01958333333333333,Slow
536,18.92,Clear,High,Morning,Scooter,27,4.0,100,0.1892,Slow
696,12.41,Clear,Medium,Morning,Car,10,1.0,51,0.24333333333333335,Medium
558,1.06,Unknown,Low,Afternoon,Scooter,19,6.0,21,0.05047619047619048,Fast
837,18.34,Clear,High,Night,Bike,9,4.0,92,0.19934782608695653,Slow
597,13.52,Clear,Low,Morning,Scooter,27,1.0,82,0.1648780487804878,Slow
166,16.79,Foggy,High,Afternoon,Bike,24,6.0,85,0.19752941176470587,Slow
919,15.39,Clear,Medium,Evening,Scooter,24,5.0,89,0.17292134831460676,Slow
496,7.39,Rainy,Medium,Morning,Scooter,25,6.0,60,0.12316666666666666,Medium
825,10.98,Rainy,Low,Morning,Scooter,10,6.0,55,0.19963636363636364,Medium
66,11.08,Snowy,Medium,Morning,Bike,9,0.0,57,0.1943859649122807,Medium
142,5.41,Clear,Medium,Night,Bike,14,5.0,36,0.1502777777777778,Fast
926,0.94,Clear,High,Morning,Bike,9,6.0,21,0.04476190476190476,Fast
828,7.27,Windy,Low,Afternoon,Bike,10,5.0,35,0.2077142857142857,Fast
656,2.99,Windy,Medium,Morning,Bike,27,5.0,41,0.07292682926829269,Medium
332,15.28,Snowy,Low,Evening,Bike,16,5.0,72,0.2122222222222222,Slow
665,2.48,Windy,Medium,Afternoon,Car,14,6.0,27,0.09185185185185185,Fast
250,17.13,Rainy,Low,Evening,Car,19,1.0,71,0.2412676056338028,Slow
908,7.17,Clear,Low,Afternoon,Bike,15,7.0,32,0.2240625,Fast
709,5.47,Rainy,Low,Morning,Car,21,6.0,38,0.14394736842105263,Fast
306,19.53,Foggy,Low,Afternoon,Bike,11,6.0,87,0.22448275862068967,Slow
735,7.5,Clear,High,Morning,Bike,29,1.0,66,0.11363636363636363,Medium
976,5.61,Windy,Low,Night,Bike,25,9.0,48,0.116875,Medium
50,4.1,Clear,Low,Morning,Bike,21,3.0,37,0.1108108108108108,Fast
897,6.22,Rainy,Medium,Morning,Bike,15,0.0,49,0.12693877551020408,Medium
3,14.77,Unknown,High,Morning,Scooter,11,6.0,67,0.22044776119402984,Medium
545,12.55,Windy,Low,Evening,Bike,13,8.0,51,0.24607843137254903,Medium
351,10.31,Foggy,Medium,Morning,Scooter,19,5.0,62,0.16629032258064516,Medium
905,8.72,Snowy,Medium,Evening,Car,18,7.0,64,0.13625,Medium
537,17.07,Clear,Medium,Morning,Bike,20,6.0,73,0.23383561643835618,Slow
345,8.27,Unknown,High,Afternoon,Scooter,13,5.0,58,0.14258620689655171,Medium
995,7.54,Snowy,Low,Afternoon,Bike,20,5.0,55,0.1370909090909091,Medium
482,14.07,Clear,High,Afternoon,Bike,5,8.0,67,0.21,Medium
576,19.02,Clear,Medium,Afternoon,Bike,29,9.0,87,0.2186206896551724,Slow
34,19.0,Clear,High,Morning,Car,28,3.0,96,0.19791666666666666,Slow
32,3.83,Rainy,Medium,Afternoon,Bike,12,9.0,30,0.12766666666666668,Fast
232,10.3,Clear,Low,Evening,Scooter,19,8.0,48,0.21458333333333335,Medium
964,8.09,Clear,High,Afternoon,Scooter,15,4.0,51,0.15862745098039216,Medium
193,18.06,Clear,Medium,Night,Bike,9,8.0,52,0.34730769230769226,Medium
334,2.76,Windy,Medium,Morning,Scooter,8,5.0,22,0.12545454545454546,Fast
4,12.17,Snowy,Low,Evening,Bike,20,8.0,68,0.1789705882352941,Medium
205,12.33,Clear,Medium,Evening,Bike,22,9.0,75,0.1644,Slow
515,1.38,Clear,Medium,Evening,Scooter,5,8.0,13,0.10615384615384614,Fast
800,18.49,Clear,Low,Afternoon,Scooter,14,6.0,71,0.26042253521126757,Slow
307,10.57,Snowy,Low,Afternoon,Bike,28,9.0,59,0.17915254237288136,Medium
110,2.0,Clear,High,Evening,Scooter,10,2.0,30,0.06666666666666667,Fast
431,3.29,Clear,Medium,Afternoon,Scooter,17,4.0,32,0.1028125,Fast
78,1.94,Rainy,Medium,Morning,Bike,16,0.0,35,0.055428571428571424,Fast
85,6.56,Windy,Medium,Unknown,Bike,14,1.0,47,0.13957446808510637,Medium
287,9.58,Clear,High,Afternoon,Car,26,8.0,60,0.15966666666666668,Medium
83,6.95,Clear,Medium,Morning,Scooter,25,2.0,58,0.11982758620689656,Medium
992,14.05,Clear,High,Morning,Scooter,19,0.0,72,0.1951388888888889,Slow
790,18.97,Rainy,High,Night,Bike,20,8.0,108,0.17564814814814814,Slow
895,13.53,Rainy,Low,Evening,Bike,28,8.0,78,0.17346153846153844,Slow
399,15.14,Rainy,Medium,Morning,Bike,8,6.0,66,0.2293939393939394,Medium
324,5.96,Clear,Low,Afternoon,Bike,26,6.0,48,0.12416666666666666,Medium
520,3.43,Windy,Medium,Morning,Bike,7,6.0,23,0.1491304347826087,Fast
917,6.24,Unknown,Medium,Evening,Bike,15,3.0,52,0.12000000000000001,Medium
923,17.94,Rainy,High,Evening,Scooter,22,6.0,85,0.21105882352941177,Slow
6,3.54,Rainy,Medium,Evening,Bike,10,5.0,32,0.110625,Fast
732,16.38,Rainy,Medium,Night,Bike,7,5.0,90,0.182,Slow
466,7.81,Clear,Low,Evening,Bike,11,4.0,42,0.18595238095238095,Medium
98,8.84,Clear,Unknown,Morning,Bike,26,0.0,57,0.1550877192982456,Medium
267,14.09,Clear,Medium,Afternoon,Scooter,12,3.0,55,0.2561818181818182,Medium
358,11.92,Clear,Low,Afternoon,Scooter,14,4.0,46,0.2591304347826087,Medium
869,17.3,Clear,Low,Evening,Scooter,9,0.0,67,0.2582089552238806,Medium
799,14.08,Clear,High,Morning,Bike,28,6.0,66,0.21333333333333335,Medium
381,2.8,Clear,High,Afternoon,Bike,28,1.0,50,0.055999999999999994,Medium
632,17.96,Clear,Medium,Unknown,Bike,22,2.0,76,0.23631578947368423,Slow
382,14.09,Clear,High,Afternoon,Bike,12,6.0,67,0.21029850746268655,Medium
491,9.39,Clear,Low,Morning,Bike,14,2.0,37,0.2537837837837838,Fast
119,17.9,Clear,Low,Morning,Bike,23,5.0,85,0.21058823529411763,Slow
901,4.55,Rainy,Low,Afternoon,Bike,5,6.0,21,0.21666666666666665,Fast
251,6.24,Snowy,Low,Afternoon,Bike,20,4.0,51,0.1223529411764706,Medium
524,16.92,Clear,Low,Morning,Scooter,29,0.0,70,0.24171428571428574,Slow
10,14.31,Clear,Medium,Morning,Bike,9,8.0,47,0.304468085106383,Medium
197,14.66,Windy,Medium,Unknown,Bike,20,2.0,77,0.1903896103896104,Slow
604,2.23,Clear,Low,Morning,Bike,7,6.0,14,0.15928571428571428,Fast
82,12.65,Clear,Low,Evening,Bike,15,4.0,66,0.19166666666666668,Medium
784,7.24,Rainy,Medium,Evening,Bike,28,6.0,65,0.11138461538461539,Medium
588,3.01,Clear,Medium,Evening,Bike,14,4.0,26,0.11576923076923076,Fast
798,11.52,Unknown,Medium,Morning,Scooter,25,2.0,58,0.1986206896551724,Medium
240,3.95,Clear,Low,Afternoon,Bike,13,5.0,25,0.158,Fast
291,1.09,Clear,Medium,Morning,Scooter,6,2.0,17,0.06411764705882353,Fast
212,13.99,Clear,High,Evening,Scooter,7,3.0,96,0.14572916666666666,Slow
718,19.32,Rainy,High,Morning,Car,21,7.0,112,0.17250000000000001,Slow
360,11.72,Rainy,Low,Evening,Bike,11,9.0,42,0.27904761904761904,Medium
450,2.13,Rainy,Low,Morning,Scooter,9,2.0,22,0.09681818181818182,Fast
228,8.17,Clear,Medium,Afternoon,Scooter,20,9.0,44,0.18568181818181817,Medium
951,12.21,Clear,High,Morning,Bike,9,4.0,57,0.2142105263157895,Medium
947,3.17,Clear,Medium,Evening,Scooter,17,6.0,33,0.09606060606060605,Fast
797,18.68,Snowy,Low,Afternoon,Bike,11,8.0,62,0.30129032258064514,Medium
502,10.95,Clear,Medium,Evening,Scooter,24,4.0,55,0.19909090909090907,Medium
465,19.26,Windy,Medium,Morning,Scooter,21,6.0,67,0.2874626865671642,Medium
363,9.44,Rainy,Unknown,Evening,Scooter,28,8.0,63,0.14984126984126983,Medium
469,4.86,Foggy,Medium,Evening,Car,25,4.0,52,0.09346153846153847,Medium
936,5.81,Foggy,Low,Afternoon,Bike,25,8.0,51,0.11392156862745097,Medium
429,7.34,Rainy,Low,Evening,Bike,22,8.0,47,0.15617021276595744,Medium
8,17.39,Foggy,Medium,Morning,Bike,25,4.0,100,0.1739,Slow
156,5.22,Snowy,Low,Evening,Bike,11,9.0,40,0.1305,Medium
542,12.32,Clear,Medium,Evening,Scooter,17,4.0,71,0.1735211267605634,Slow
441,2.15,Windy,Medium,Afternoon,Car,17,6.0,30,0.07166666666666667,Fast
483,9.36,Rainy,High,Morning,Scooter,17,2.0,65,0.144,Medium
423,2.28,Clear,Medium,Evening,Scooter,27,9.0,39,0.058461538461538454,Fast
779,14.54,Clear,Medium,Evening,Bike,29,2.0,73,0.19917808219178082,Slow
950,12.15,Clear,High,Morning,Car,12,6.0,63,0.19285714285714287,Medium
335,1.4,Windy,Low,Evening,Bike,9,9.0,17,0.08235294117647059,Fast
577,3.37,Clear,High,Morning,Bike,9,5.0,28,0.12035714285714286,Fast
935,3.85,Rainy,Medium,Afternoon,Bike,26,3.0,46,0.08369565217391305,Medium
568,9.03,Clear,Low,Unknown,Bike,11,5.0,43,0.21,Medium
595,17.99,Snowy,Low,Afternoon,Bike,15,3.0,63,0.2855555555555555,Medium
531,16.35,Clear,Medium,Morning,Bike,16,0.0,66,0.24772727272727274,Medium
582,19.61,Clear,High,Evening,Bike,8,6.0,72,0.2723611111111111,Slow
708,16.29,Clear,Low,Morning,Bike,20,1.0,72,0.22624999999999998,Slow
449,7.84,Windy,Low,Afternoon,Bike,6,4.0,28,0.27999999999999997,Fast
454,18.17,Rainy,Low,Afternoon,Car,13,0.0,71,0.2559154929577465,Slow
229,17.89,Windy,Low,Unknown,Bike,27,1.0,101,0.17712871287128715,Slow
353,13.34,Clear,Medium,Night,Bike,20,6.0,53,0.25169811320754715,Medium
729,4.43,Foggy,Low,Morning,Scooter,10,1.0,63,0.0703174603174603,Medium
213,13.21,Clear,Unknown,Morning,Scooter,12,4.0,63,0.2096825396825397,Medium
80,2.76,Windy,Medium,Night,Bike,6,2.0,27,0.10222222222222221,Fast
149,1.5,Foggy,Medium,Evening,Scooter,15,4.0,32,0.046875,Fast
303,11.04,Clear,Medium,Afternoon,Scooter,8,2.0,54,0.20444444444444443,Medium
629,1.22,Clear,Medium,Evening,Scooter,6,5.0,14,0.08714285714285715,Fast
778,14.58,Clear,Low,Afternoon,Bike,13,5.0,57,0.2557894736842105,Medium
507,18.26,Rainy,High,Night,Scooter,28,7.0,93,0.19634408602150538,Slow
343,3.88,Foggy,Low,Evening,Car,27,9.0,42,0.09238095238095238,Medium
486,18.07,Clear,High,Afternoon,Scooter,5,2.0,67,0.26970149253731346,Medium
712,12.11,Clear,Medium,Evening,Bike,28,0.0,75,0.16146666666666665,Slow
134,7.08,Clear,Medium,Afternoon,Scooter,5,8.0,27,0.26222222222222225,Fast
704,3.12,Rainy,Low,Evening,Scooter,14,5.0,28,0.11142857142857143,Fast
312,2.03,Foggy,High,Evening,Car,14,4.0,36,0.056388888888888884,Fast
723,1.8,Clear,Unknown,Night,Bike,14,1.0,28,0.0642857142857143,Fast
630,5.42,Clear,Low,Evening,Scooter,11,9.0,26,0.20846153846153845,Fast
1,7.8,Clear,Low,Evening,Scooter,23,5.0,52,0.15,Medium
317,8.47,Rainy,Low,Afternoon,Scooter,19,0.0,48,0.17645833333333336,Medium
707,6.79,Rainy,Low,Evening,Scooter,16,1.0,39,0.1741025641025641,Fast
548,13.6,Rainy,Medium,Afternoon,Scooter,23,6.0,83,0.163855421686747,Slow
873,13.06,Rainy,High,Morning,Bike,17,8.0,59,0.22135593220338984,Medium
533,19.93,Snowy,Low,Afternoon,Bike,6,6.0,59,0.33779661016949153,Medium
478,11.3,Snowy,Medium,Afternoon,Bike,15,8.0,70,0.16142857142857145,Slow
405,6.74,Rainy,Medium,Evening,Car,21,9.0,47,0.14340425531914894,Medium
173,10.49,Rainy,Low,Morning,Bike,28,9.0,66,0.15893939393939394,Medium
126,8.83,Unknown,Medium,Evening,Scooter,12,3.0,109,0.08100917431192661,Slow
395,7.15,Clear,High,Night,Car,29,7.0,60,0.11916666666666667,Medium
421,15.94,Clear,Low,Evening,Bike,24,2.0,77,0.207012987012987,Slow
553,11.26,Foggy,High,Afternoon,Bike,14,2.0,70,0.16085714285714287,Slow
904,11.87,Clear,Medium,Morning,Bike,10,6.0,43,0.27604651162790694,Medium
91,2.83,Windy,Medium,Afternoon,Scooter,14,6.0,28,0.10107142857142858,Fast
940,11.74,Clear,Low,Afternoon,Car,20,1.0,52,0.22576923076923078,Medium
182,2.71,Clear,Low,Morning,Scooter,6,1.0,20,0.1355,Fast
275,10.47,Clear,High,Evening,Scooter,14,7.0,55,0.19036363636363637,Medium
896,4.5,Snowy,High,Evening,Bike,24,0.0,66,0.06818181818181818,Medium
70,19.74,Unknown,Low,Unknown,Car,21,7.0,71,0.2780281690140845,Slow
292,1.23,Clear,Low,Evening,Bike,18,6.0,21,0.05857142857142857,Fast
132,4.83,Clear,Low,Evening,Bike,11,1.0,29,0.16655172413793104,Fast
301,1.51,Clear,High,Afternoon,Bike,14,2.0,32,0.0471875,Fast
425,1.62,Windy,Low,Evening,Bike,9,8.0,16,0.10125,Fast
327,11.31,Clear,High,Evening,Bike,20,0.0,67,0.16880597014925375,Medium
145,6.05,Clear,Medium,Morning,Car,24,0.0,48,0.12604166666666666,Medium
424,10.14,Clear,Medium,Morning,Scooter,20,1.0,59,0.17186440677966103,Medium
581,9.45,Clear,Low,Afternoon,Car,13,0.0,49,0.19285714285714284,Medium
136,6.8,Clear,High,Evening,Bike,28,5.0,55,0.12363636363636363,Medium
451,15.65,Clear,Low,Afternoon,Bike,27,0.0,76,0.20592105263157895,Slow
165,2.26,Clear,Medium,Morning,Scooter,6,3.0,19,0.11894736842105262,Fast
29,12.05,Clear,Low,Evening,Scooter,29,4.0,61,0.1975409836065574,Medium
774,8.25,Windy,Medium,Evening,Car,24,4.0,62,0.13306451612903225,Medium
194,12.85,Rainy,Medium,Afternoon,Scooter,23,0.0,80,0.160625,Slow
389,15.14,Windy,Medium,Morning,Bike,15,4.0,71,0.2132394366197183,Slow
853,4.59,Foggy,Low,Evening,Scooter,19,8.0,36,0.1275,Fast
170,12.02,Clear,Low,Afternoon,Bike,26,0.0,63,0.1907936507936508,Medium
706,19.8,Clear,High,Evening,Bike,7,3.0,88,0.225,Slow
141,19.27,Foggy,High,Afternoon,Bike,14,6.0,92,0.20945652173913043,Slow
174,4.92,Clear,High,Morning,Scooter,12,0.0,41,0.12,Medium
7,1.63,Rainy,Medium,Night,Bike,24,5.0,38,0.04289473684210526,Fast
746,18.04,Clear,Medium,Morning,Bike,8,5.0,71,0.2540845070422535,Slow
479,19.4,Snowy,Unknown,Afternoon,Scooter,23,9.0,92,0.21086956521739128,Slow
74,16.4,Clear,High,Morning,Scooter,12,2.0,70,0.23428571428571426,Slow
911,12.01,Clear,Low,Morning,Car,5,7.0,42,0.28595238095238096,Medium
814,18.46,Clear,Unknown,Unknown,Scooter,29,1.0,153,0.12065359477124184,Slow
239,13.09,Windy,Low,Unknown,Scooter,17,1.0,69,0.18971014492753624,Medium
146,1.22,Foggy,High,Afternoon,Scooter,14,2.0,38,0.032105263157894734,Fast
793,10.36,Rainy,Medium,Afternoon,Bike,7,8.0,39,0.26564102564102565,Fast
235,4.31,Rainy,Medium,Afternoon,Bike,9,2.0,35,0.12314285714285714,Fast
221,13.32,Windy,Medium,Afternoon,Bike,26,0.0,71,0.18760563380281692,Slow
924,16.1,Clear,Low,Morning,Car,16,6.0,61,0.26393442622950825,Medium
501,14.11,Rainy,High,Morning,Scooter,24,3.0,93,0.15172043010752687,Slow
133,2.84,Clear,Medium,Night,Scooter,28,1.0,44,0.06454545454545454,Medium
991,16.09,Snowy,Low,Morning,Car,13,6.0,69,0.23318840579710146,Medium
775,16.05,Snowy,Medium,Evening,Bike,11,2.0,89,0.1803370786516854,Slow
186,13.37,Windy,High,Afternoon,Scooter,17,8.0,63,0.2122222222222222,Medium
42,10.16,Snowy,Medium,Night,Bike,10,1.0,67,0.15164179104477613,Medium
697,6.13,Clear,Medium,Night,Scooter,22,0.0,48,0.12770833333333334,Medium
109,4.96,Rainy,Low,Afternoon,Car,10,7.0,28,0.17714285714285713,Fast
589,3.0,Clear,Low,Morning,Scooter,29,1.0,43,0.06976744186046512,Medium
57,2.23,Snowy,Medium,Evening,Car,14,0.0,41,0.054390243902439024,Medium
406,17.96,Clear,Unknown,Evening,Scooter,26,0.0,74,0.24270270270270272,Slow
443,7.8,Rainy,Medium,Morning,Bike,11,7.0,49,0.15918367346938775,Medium
758,10.9,Clear,High,Afternoon,Scooter,6,8.0,47,0.23191489361702128,Medium
998,3.17,Clear,Low,Afternoon,Bike,17,1.0,28,0.11321428571428571,Fast
25,9.39,Windy,Medium,Morning,Scooter,21,9.0,50,0.18780000000000002,Medium
468,17.44,Clear,Low,Evening,Bike,25,9.0,89,0.1959550561797753,Slow
540,3.02,Rainy,Medium,Morning,Bike,23,1.0,46,0.06565217391304348,Medium
532,19.99,Rainy,High,Evening,Bike,17,1.0,112,0.17848214285714284,Slow
619,16.22,Rainy,High,Evening,Bike,22,0.0,102,0.15901960784313723,Slow
695,2.74,Clear,High,Afternoon,Bike,18,9.0,37,0.07405405405405406,Fast
927,5.74,Rainy,High,Evening,Bike,13,9.0,46,0.12478260869565218,Medium
339,9.75,Clear,Low,Afternoon,Bike,22,7.0,50,0.195,Medium
52,15.62,Rainy,Medium,Afternoon,Scooter,23,7.0,78,0.20025641025641025,Slow
508,16.54,Rainy,Medium,Afternoon,Bike,25,7.0,77,0.2148051948051948,Slow
517,7.84,Rainy,Low,Morning,Scooter,7,8.0,36,0.21777777777777776,Fast
921,17.44,Unknown,Low,Night,Car,23,0.0,85,0.20517647058823532,Slow
782,11.08,Windy,High,Afternoon,Bike,16,6.0,70,0.15828571428571428,Slow
265,17.61,Clear,Medium,Evening,Scooter,21,9.0,79,0.22291139240506327,Slow
818,8.28,Snowy,Low,Evening,Car,29,7.0,58,0.14275862068965517,Medium
711,15.32,Clear,Medium,Morning,Bike,17,6.0,80,0.1915,Slow
683,3.83,Rainy,Low,Evening,Car,27,3.0,49,0.07816326530612246,Medium
833,3.25,Rainy,Unknown,Evening,Scooter,29,0.0,51,0.06372549019607843,Medium
519,19.75,Clear,Medium,Morning,Bike,25,1.0,103,0.19174757281553398,Slow
448,15.19,Foggy,Low,Evening,Scooter,6,4.0,53,0.28660377358490563,Medium
19,8.92,Windy,Unknown,Morning,Bike,25,4.0,62,0.14387096774193547,Medium
716,18.63,Windy,Low,Afternoon,Bike,11,5.0,85,0.21917647058823528,Slow
484,12.74,Clear,Low,Night,Scooter,18,0.0,67,0.19014925373134328,Medium
569,18.13,Rainy,High,Evening,Bike,21,2.0,88,0.20602272727272727,Slow
434,2.47,Rainy,Low,Afternoon,Car,22,6.0,34,0.07264705882352941,Fast
368,18.15,Windy,Medium,Morning,Bike,11,2.0,89,0.2039325842696629,Slow
84,1.74,Foggy,High,Afternoon,Scooter,8,9.0,28,0.062142857142857146,Fast
62,5.79,Windy,Medium,Morning,Bike,26,6.0,49,0.11816326530612245,Medium
639,5.75,Windy,High,Morning,Scooter,7,4.0,37,0.1554054054054054,Fast
273,17.41,Snowy,Medium,Evening,Bike,20,4.0,80,0.217625,Slow
286,1.2,Rainy,Low,Morning,Scooter,24,7.0,33,0.03636363636363636,Fast
361,8.07,Windy,Low,Evening,Bike,21,4.0,48,0.168125,Medium
355,1.88,Clear,Medium,Morning,Scooter,24,7.0,35,0.053714285714285714,Fast
457,0.72,Rainy,Medium,Afternoon,Scooter,9,2.0,23,0.03130434782608695,Fast
279,14.19,Clear,Medium,Afternoon,Bike,9,1.0,57,0.2489473684210526,Medium
13,16.73,Windy,High,Afternoon,Scooter,9,7.0,71,0.2356338028169014,Slow
183,18.53,Rainy,Low,Afternoon,Scooter,8,8.0,57,0.32508771929824565,Medium
369,4.32,Clear,Low,Morning,Bike,21,9.0,34,0.12705882352941178,Fast
882,13.6,Foggy,High,Evening,Bike,9,7.0,61,0.22295081967213115,Medium
616,18.46,Rainy,Low,Morning,Bike,19,9.0,94,0.19638297872340427,Slow
224,7.67,Windy,Low,Morning,Car,9,2.0,31,0.24741935483870967,Fast
573,8.23,Snowy,Low,Evening,Bike,17,3.0,56,0.14696428571428571,Medium
971,13.44,Clear,Low,Night,Bike,29,0.0,63,0.21333333333333332,Medium
654,15.04,Clear,Low,Morning,Car,24,5.0,60,0.25066666666666665,Medium
546,7.48,Clear,Medium,Morning,Car,21,4.0,52,0.14384615384615385,Medium
583,10.11,Rainy,Unknown,Afternoon,Scooter,23,2.0,63,0.16047619047619047,Medium
634,10.88,Snowy,Low,Afternoon,Car,13,3.0,52,0.20923076923076925,Medium
177,13.97,Snowy,Low,Evening,Scooter,14,8.0,52,0.2686538461538462,Medium
666,3.48,Foggy,Low,Afternoon,Scooter,9,1.0,31,0.11225806451612903,Fast
674,10.73,Foggy,Low,Morning,Bike,6,6.0,35,0.3065714285714286,Fast
586,5.18,Clear,Medium,Afternoon,Car,9,2.0,30,0.17266666666666666,Fast
874,8.47,Foggy,Medium,Evening,Bike,24,0.0,68,0.12455882352941178,Medium
394,15.64,Rainy,Low,Unknown,Bike,20,4.0,141,0.11092198581560284,Slow
164,10.95,Snowy,Unknown,Afternoon,Bike,9,1.0,65,0.16846153846153844,Medium
249,19.29,Windy,Medium,Evening,Scooter,7,8.0,84,0.22964285714285712,Slow
635,2.59,Windy,Medium,Unknown,Bike,13,5.0,28,0.0925,Fast
886,3.98,Clear,High,Night,Car,19,3.0,41,0.09707317073170732,Medium
670,6.06,Foggy,Low,Afternoon,Scooter,10,8.0,41,0.14780487804878048,Medium
376,6.72,Foggy,Low,Evening,Bike,8,5.0,31,0.2167741935483871,Fast
413,19.04,Clear,Medium,Morning,Scooter,27,2.0,85,0.22399999999999998,Slow
75,14.28,Windy,High,Afternoon,Scooter,23,5.0,77,0.18545454545454546,Slow
114,16.26,Rainy,High,Morning,Bike,16,6.0,70,0.23228571428571432,Slow
599,4.25,Clear,Low,Afternoon,Bike,5,4.0,22,0.19318181818181818,Fast
962,12.26,Clear,Low,Afternoon,Bike,20,2.0,66,0.18575757575757576,Medium
391,19.81,Clear,Low,Afternoon,Bike,27,1.0,74,0.2677027027027027,Slow
105,18.2,Windy,Medium,Morning,Bike,27,1.0,108,0.1685185185185185,Slow
115,12.85,Rainy,Medium,Morning,Scooter,14,8.0,73,0.17602739726027397,Slow
418,6.91,Clear,Low,Evening,Bike,27,8.0,91,0.07593406593406593,Slow
526,9.64,Clear,Low,Morning,Bike,10,5.0,46,0.20956521739130435,Medium
458,9.64,Rainy,Medium,Evening,Bike,14,6.0,52,0.1853846153846154,Medium
410,2.28,Foggy,Medium,Morning,Scooter,27,6.0,44,0.05181818181818181,Medium
93,15.34,Rainy,Low,Afternoon,Bike,18,6.0,54,0.2840740740740741,Medium
931,3.22,Rainy,Medium,Night,Bike,14,8.0,34,0.09470588235294118,Fast
90,9.71,Clear,Low,Morning,Bike,8,1.0,49,0.19816326530612247,Medium
337,17.18,Clear,Medium,Night,Scooter,13,1.0,62,0.2770967741935484,Medium
989,5.3,Clear,Medium,Afternoon,Scooter,29,3.0,47,0.1127659574468085,Medium
922,10.0,Clear,Medium,Afternoon,Scooter,6,9.0,47,0.2127659574468085,Medium
934,10.75,Rainy,Medium,Morning,Bike,8,6.0,60,0.17916666666666667,Medium
606,9.49,Rainy,Medium,Morning,Car,23,6.0,53,0.1790566037735849,Medium
594,7.24,Clear,Medium,Afternoon,Bike,28,7.0,57,0.12701754385964914,Medium
612,16.09,Rainy,Low,Morning,Bike,21,8.0,66,0.24378787878787878,Medium
95,15.53,Clear,Low,Morning,Bike,26,6.0,83,0.18710843373493974,Slow
12,19.41,Windy,Low,Morning,Bike,11,8.0,62,0.31306451612903224,Medium
397,17.24,Clear,Low,Evening,Bike,17,5.0,69,0.2498550724637681,Medium
534,11.33,Unknown,Low,Morning,Bike,25,3.0,60,0.18883333333333333,Medium
44,18.23,Rainy,Low,Afternoon,Scooter,27,9.0,86,0.2119767441860465,Slow
43,1.17,Clear,Medium,Morning,Bike,16,9.0,25,0.046799999999999994,Fast
330,5.33,Clear,Low,Evening,Car,29,1.0,51,0.10450980392156863,Medium
168,4.14,Rainy,Low,Morning,Bike,23,2.0,41,0.10097560975609755,Medium
498,2.02,Clear,High,Evening,Bike,28,5.0,44,0.045909090909090906,Medium
877,14.46,Rainy,Medium,Morning,Scooter,11,9.0,68,0.2126470588235294,Medium
598,3.86,Clear,Medium,Afternoon,Bike,21,8.0,34,0.11352941176470588,Fast
757,12.59,Windy,Medium,Morning,Bike,13,9.0,62,0.20306451612903226,Medium
101,1.11,Clear,High,Morning,Scooter,22,8.0,35,0.031714285714285716,Fast
427,9.11,Clear,Low,Afternoon,Bike,19,6.0,42,0.21690476190476188,Medium
179,18.77,Snowy,Medium,Evening,Bike,24,0.0,115,0.16321739130434781,Slow
445,16.35,Foggy,Medium,Night,Bike,16,6.0,67,0.24402985074626868,Medium
417,6.22,Clear,Low,Afternoon,Bike,16,9.0,29,0.21448275862068963,Fast
871,7.78,Foggy,High,Afternoon,Bike,25,3.0,74,0.10513513513513514,Slow
883,0.88,Rainy,Low,Night,Car,27,2.0,37,0.023783783783783784,Fast
681,16.43,Clear,Low,Evening,Bike,13,5.0,56,0.2933928571428571,Medium
178,8.04,Clear,Medium,Evening,Car,27,0.0,65,0.12369230769230768,Medium
396,18.65,Foggy,Low,Night,Car,19,2.0,68,0.2742647058823529,Medium
912,5.73,Foggy,Low,Morning,Scooter,7,2.0,30,0.191,Fast
794,12.42,Rainy,Low,Evening,Bike,28,9.0,79,0.15721518987341773,Slow
961,2.11,Clear,Low,Afternoon,Scooter,28,5.0,34,0.062058823529411763,Fast
685,18.62,Clear,Low,Evening,Scooter,27,6.0,75,0.2482666666666667,Slow
384,17.61,Clear,Medium,Morning,Scooter,19,3.0,80,0.220125,Slow
957,10.62,Rainy,Medium,Night,Bike,7,2.0,48,0.22124999999999997,Medium
752,18.83,Unknown,Medium,Night,Bike,8,0.0,68,0.2769117647058823,Medium
258,14.07,Clear,Medium,Morning,Bike,16,9.0,73,0.19273972602739725,Slow
539,9.29,Clear,Medium,Evening,Bike,10,9.0,40,0.23224999999999998,Medium
336,1.29,Rainy,Low,Evening,Bike,7,7.0,15,0.08600000000000001,Fast
16,4.08,Windy,Medium,Afternoon,Bike,7,0.0,33,0.12363636363636364,Fast
325,19.12,Windy,High,Evening,Car,8,0.0,92,0.20782608695652174,Slow
759,17.93,Clear,Medium,Afternoon,Bike,29,4.0,85,0.21094117647058824,Slow
223,2.33,Unknown,Low,Morning,Car,6,1.0,17,0.13705882352941176,Fast
180,3.18,Rainy,Medium,Evening,Bike,21,3.0,42,0.07571428571428572,Medium
984,1.97,Clear,High,Morning,Car,28,7.0,43,0.04581395348837209,Medium
23,6.2,Windy,High,Evening,Scooter,7,3.0,42,0.14761904761904762,Medium
357,1.02,Windy,High,Evening,Bike,6,8.0,21,0.04857142857142857,Fast
667,5.3,Clear,Low,Evening,Bike,16,5.0,32,0.165625,Fast
862,9.34,Rainy,Low,Evening,Car,10,0.0,40,0.23349999999999999,Medium
341,10.09,Clear,Medium,Evening,Bike,7,0.0,49,0.20591836734693877,Medium
432,15.35,Rainy,High,Night,Scooter,23,9.0,80,0.191875,Slow
552,17.12,Rainy,Low,Morning,Bike,26,3.0,86,0.19906976744186047,Slow
834,3.94,Snowy,Low,Afternoon,Bike,19,3.0,43,0.09162790697674418,Medium
204,18.02,Clear,Unknown,Evening,Car,12,3.0,77,0.23402597402597403,Slow
631,14.41,Snowy,Medium,Evening,Bike,8,8.0,75,0.19213333333333332,Slow
94,11.44,Rainy,Medium,Evening,Car,20,2.0,57,0.2007017543859649,Medium
559,15.23,Foggy,Low,Morning,Car,6,0.0,52,0.2928846153846154,Medium
69,1.95,Clear,Low,Morning,Scooter,16,2.0,23,0.08478260869565217,Fast
623,7.72,Rainy,Medium,Morning,Bike,11,5.0,36,0.21444444444444444,Fast
285,11.78,Clear,Low,Afternoon,Scooter,26,3.0,71,0.16591549295774646,Slow
845,3.4,Windy,Medium,Morning,Bike,11,6.0,30,0.11333333333333333,Fast
435,2.14,Clear,High,Evening,Bike,18,3.0,34,0.06294117647058824,Fast
154,10.04,Rainy,High,Afternoon,Bike,12,9.0,59,0.1701694915254237,Medium
76,14.72,Clear,Unknown,Evening,Scooter,15,8.0,80,0.184,Slow
731,3.7,Clear,Medium,Morning,Bike,28,7.0,45,0.08222222222222222,Medium
447,19.73,Rainy,Low,Evening,Bike,8,8.0,64,0.30828125,Medium
189,10.83,Clear,Medium,Evening,Scooter,8,9.0,51,0.21235294117647058,Medium
272,16.3,Foggy,Low,Morning,Car,12,1.0,100,0.163,Slow
237,5.98,Foggy,High,Morning,Bike,14,6.0,44,0.13590909090909092,Medium
488,5.98,Rainy,High,Morning,Bike,21,2.0,60,0.09966666666666667,Medium
118,4.14,Foggy,Medium,Morning,Bike,21,0.0,46,0.09,Medium
944,16.68,Unknown,Medium,Afternoon,Bike,9,9.0,63,0.26476190476190475,Medium
513,18.69,Windy,Medium,Night,Bike,23,9.0,74,0.2525675675675676,Slow
826,18.44,Rainy,High,Morning,Bike,27,7.0,80,0.2305,Slow
592,13.0,Windy,High,Morning,Bike,22,8.0,65,0.2,Medium
127,16.45,Unknown,Medium,Evening,Scooter,25,3.0,87,0.18908045977011492,Slow
117,16.17,Clear,Medium,Evening,Car,10,2.0,116,0.13939655172413795,Slow
474,17.88,Clear,Medium,Evening,Bike,29,3.0,98,0.18244897959183673,Slow
694,5.23,Clear,Medium,Morning,Scooter,19,4.0,37,0.14135135135135135,Fast
58,4.32,Unknown,Medium,Morning,Bike,17,4.0,36,0.12000000000000001,Fast
864,9.09,Rainy,Medium,Morning,Bike,6,7.0,43,0.2113953488372093,Medium
913,12.67,Windy,Medium,Morning,Scooter,7,3.0,43,0.2946511627906977,Medium
370,1.85,Clear,Medium,Evening,Bike,10,1.0,24,0.07708333333333334,Fast
269,7.51,Rainy,Low,Evening,Car,27,6.0,50,0.1502,Medium
47,6.58,Clear,Low,Afternoon,Bike,13,1.0,34,0.1935294117647059,Fast
350,12.7,Clear,Low,Morning,Scooter,22,2.0,57,0.22280701754385965,Medium
196,7.31,Foggy,Medium,Afternoon,Bike,26,2.0,65,0.11246153846153846,Medium
1000,9.2,Clear,High,Morning,Scooter,9,9.0,48,0.19166666666666665,Medium
835,10.22,Foggy,Low,Afternoon,Scooter,21,0.0,61,0.1675409836065574,Medium
737,8.15,Clear,High,Evening,Scooter,12,9.0,43,0.18953488372093025,Medium
264,10.61,Clear,Medium,Morning,Bike,17,0.0,59,0.17983050847457627,Medium
444,7.73,Clear,High,Night,Bike,29,5.0,58,0.13327586206896552,Medium
676,19.66,Clear,Low,Morning,Car,19,6.0,70,0.28085714285714286,Slow
305,14.66,Snowy,High,Morning,Car,5,6.0,71,0.20647887323943662,Slow
342,9.73,Clear,Low,Afternoon,Bike,29,6.0,60,0.16216666666666668,Medium
967,14.52,Clear,Medium,Afternoon,Car,26,5.0,86,0.16883720930232557,Slow
150,5.93,Foggy,High,Unknown,Scooter,27,1.0,106,0.055943396226415094,Slow
125,4.94,Rainy,High,Evening,Scooter,28,4.0,63,0.07841269841269842,Medium
787,11.88,Rainy,High,Afternoon,Car,29,9.0,78,0.1523076923076923,Slow
51,19.41,Foggy,Medium,Morning,Car,7,6.0,66,0.29409090909090907,Medium
354,3.68,Unknown,High,Afternoon,Car,16,6.0,47,0.07829787234042554,Medium
928,11.06,Clear,High,Evening,Bike,6,9.0,53,0.20867924528301887,Medium
143,10.2,Rainy,Medium,Afternoon,Bike,18,9.0,56,0.18214285714285713,Medium
471,0.74,Rainy,Low,Morning,Car,13,4.0,21,0.035238095238095235,Fast
400,15.21,Snowy,Medium,Afternoon,Bike,20,9.0,90,0.169,Slow
626,7.69,Rainy,High,Morning,Scooter,16,3.0,58,0.13258620689655173,Medium
321,11.21,Clear,High,Afternoon,Scooter,23,1.0,76,0.14750000000000002,Slow
20,6.18,Clear,Medium,Evening,Bike,9,9.0,35,0.17657142857142857,Fast
810,2.71,Clear,Medium,Morning,Car,6,5.0,19,0.14263157894736841,Fast
791,3.49,Clear,Medium,Morning,Bike,17,2.0,38,0.0918421052631579,Fast
809,9.29,Clear,Medium,Morning,Bike,17,2.0,49,0.18959183673469385,Medium
408,0.71,Foggy,Low,Night,Bike,29,1.0,41,0.017317073170731705,Medium
538,5.32,Rainy,Low,Afternoon,Scooter,27,2.0,48,0.11083333333333334,Medium
621,4.1,Clear,Medium,Evening,Car,18,3.0,38,0.10789473684210525,Fast
39,13.84,Clear,Low,Morning,Scooter,18,5.0,64,0.21625,Medium
176,3.9,Rainy,High,Morning,Car,25,9.0,54,0.07222222222222222,Medium
246,18.6,Rainy,Medium,Morning,Car,28,9.0,77,0.24155844155844158,Slow
829,14.88,Snowy,Medium,Evening,Bike,10,0.0,64,0.2325,Medium
668,3.63,Windy,Medium,Morning,Car,22,9.0,39,0.09307692307692307,Fast
755,3.22,Windy,High,Morning,Car,7,7.0,27,0.11925925925925927,Fast
859,11.51,Foggy,Low,Afternoon,Car,5,7.0,57,0.20192982456140351,Medium
155,19.72,Rainy,Low,Afternoon,Bike,27,6.0,109,0.18091743119266054,Slow
288,11.08,Clear,Low,Evening,Scooter,28,2.0,58,0.1910344827586207,Medium
603,3.95,Clear,Medium,Morning,Car,28,5.0,47,0.08404255319148937,Medium
570,7.29,Clear,High,Evening,Car,11,7.0,48,0.151875,Medium
744,10.3,Clear,Low,Morning,Car,12,7.0,41,0.25121951219512195,Medium
18,10.73,Rainy,High,Afternoon,Car,27,6.0,83,0.12927710843373494,Slow
128,17.28,Clear,Low,Morning,Car,28,3.0,72,0.24000000000000002,Slow
323,13.37,Foggy,Medium,Evening,Scooter,16,9.0,71,0.18830985915492957,Slow
256,11.36,Clear,Medium,Morning,Scooter,8,2.0,52,0.21846153846153846,Medium
658,7.58,Clear,High,Afternoon,Scooter,19,9.0,57,0.13298245614035087,Medium
965,6.13,Rainy,High,Unknown,Bike,25,6.0,59,0.10389830508474576,Medium
191,2.32,Clear,Low,Afternoon,Scooter,23,1.0,32,0.0725,Fast
116,17.49,Rainy,Low,Evening,Bike,27,9.0,97,0.18030927835051544,Slow
617,1.69,Windy,Unknown,Afternoon,Car,11,7.0,20,0.08449999999999999,Fast
607,4.52,Unknown,Low,Evening,Car,17,0.0,71,0.0636619718309859,Slow
181,7.15,Windy,Low,Morning,Bike,15,3.0,42,0.17023809523809524,Medium
302,10.86,Windy,Medium,Unknown,Car,10,4.0,60,0.181,Medium
760,15.88,Rainy,Low,Evening,Car,17,1.0,68,0.2335294117647059,Medium
713,9.7,Snowy,Low,Evening,Bike,6,5.0,45,0.21555555555555553,Medium
724,14.95,Clear,Medium,Morning,Bike,13,7.0,49,0.3051020408163265,Medium
686,11.36,Foggy,Low,Afternoon,Bike,6,4.0,47,0.24170212765957447,Medium
980,12.14,Foggy,High,Afternoon,Bike,12,0.0,65,0.18676923076923077,Medium
518,16.31,Foggy,Medium,Afternoon,Car,14,7.0,71,0.22971830985915492,Slow
985,14.7,Clear,Medium,Evening,Scooter,24,5.0,75,0.19599999999999998,Slow
46,13.42,Rainy,Medium,Evening,Bike,6,6.0,105,0.12780952380952382,Slow
910,7.9,Clear,Low,Afternoon,Scooter,22,5.0,48,0.16458333333333333,Medium
158,15.35,Foggy,Low,Morning,Car,5,3.0,56,0.2741071428571428,Medium
852,15.12,Foggy,Low,Morning,Bike,14,1.0,58,0.26068965517241377,Medium
172,0.82,Windy,Low,Morning,Car,18,9.0,23,0.035652173913043476,Fast
17,6.43,Clear,Low,Evening,Car,9,7.0,26,0.24730769230769228,Fast
512,8.66,Snowy,High,Morning,Bike,29,3.0,77,0.11246753246753247,Slow
49,11.16,Foggy,Medium,Afternoon,Car,21,4.0,77,0.14493506493506494,Slow
972,18.77,Foggy,Low,Afternoon,Car,15,5.0,71,0.26436619718309856,Slow
941,5.84,Clear,Unknown,Evening,Bike,21,7.0,35,0.16685714285714284,Fast
516,1.01,Clear,High,Night,Bike,17,7.0,29,0.03482758620689655,Fast
953,3.92,Rainy,Medium,Night,Bike,20,9.0,41,0.09560975609756098,Medium
481,12.77,Foggy,Low,Morning,Bike,22,8.0,71,0.17985915492957746,Slow
284,2.33,Clear,Low,Evening,Bike,9,2.0,18,0.12944444444444445,Fast
719,2.92,Windy,High,Afternoon,Bike,24,4.0,48,0.06083333333333333,Medium
878,13.35,Rainy,Low,Evening,Scooter,14,4.0,91,0.1467032967032967,Slow
226,5.26,Rainy,Medium,Evening,Scooter,28,8.0,51,0.10313725490196078,Medium
27,4.39,Foggy,Medium,Night,Bike,12,8.0,38,0.11552631578947367,Fast
955,8.67,Windy,High,Morning,Bike,20,4.0,55,0.15763636363636363,Medium
438,16.53,Snowy,Low,Afternoon,Scooter,24,9.0,99,0.166969696969697,Slow
952,13.47,Clear,Medium,Evening,Bike,19,4.0,59,0.22830508474576272,Medium
365,18.86,Snowy,Medium,Night,Bike,18,1.0,89,0.21191011235955057,Slow
230,12.81,Clear,Low,Morning,Bike,12,2.0,51,0.2511764705882353,Medium
38,2.4,Snowy,Low,Night,Scooter,27,5.0,42,0.05714285714285714,Medium
966,7.44,Rainy,Medium,Evening,Bike,6,1.0,39,0.19076923076923077,Fast
375,1.89,Clear,Medium,Evening,Scooter,13,7.0,22,0.08590909090909091,Fast
470,19.28,Snowy,Medium,Morning,Car,21,3.0,101,0.1908910891089109,Slow
968,6.29,Unknown,Medium,Morning,Scooter,10,7.0,27,0.23296296296296296,Fast
851,1.81,Clear,Medium,Afternoon,Car,23,3.0,34,0.05323529411764706,Fast
705,1.74,Clear,Medium,Night,Bike,23,2.0,34,0.051176470588235295,Fast
842,13.44,Clear,Medium,Morning,Car,22,1.0,79,0.17012658227848101,Slow
195,7.11,Clear,Low,Afternoon,Scooter,27,5.0,48,0.148125,Medium
855,4.5,Windy,Low,Evening,Scooter,20,6.0,32,0.140625,Fast
865,8.31,Windy,Medium,Morning,Bike,6,5.0,44,0.18886363636363637,Medium
504,16.37,Clear,High,Morning,Bike,26,7.0,97,0.16876288659793814,Slow
970,9.78,Clear,Medium,Afternoon,Bike,18,3.0,58,0.1686206896551724,Medium
831,4.88,Windy,Medium,Afternoon,Scooter,26,7.0,48,0.10166666666666667,Medium
580,5.54,Rainy,Medium,Unknown,Scooter,28,9.0,51,0.10862745098039216,Medium
969,11.54,Clear,High,Afternoon,Car,10,0.0,56,0.20607142857142854,Medium
163,12.85,Clear,Low,Afternoon,Scooter,5,5.0,54,0.23796296296296296,Medium
909,5.56,Clear,Low,Afternoon,Scooter,19,5.0,31,0.17935483870967742,Fast
153,3.33,Unknown,Medium,Evening,Scooter,24,2.0,44,0.07568181818181818,Medium
802,3.47,Snowy,High,Night,Bike,24,9.0,53,0.06547169811320755,Medium
994,12.01,Clear,Low,Morning,Scooter,26,6.0,57,0.21070175438596492,Medium
756,15.98,Foggy,Low,Morning,Car,21,6.0,90,0.17755555555555555,Slow
112,3.64,Clear,Low,Morning,Scooter,16,3.0,26,0.14,Fast
227,19.47,Clear,Low,Morning,Bike,16,8.0,83,0.23457831325301204,Slow
689,15.51,Rainy,Medium,Morning,Scooter,10,8.0,81,0.19148148148148147,Slow
104,10.42,Windy,Medium,Afternoon,Bike,28,3.0,72,0.14472222222222222,Slow
422,15.9,Rainy,Low,Evening,Car,19,5.0,78,0.20384615384615384,Slow
420,15.17,Windy,Low,Morning,Bike,25,4.0,77,0.197012987012987,Slow
751,2.78,Rainy,Low,Unknown,Bike,21,4.0,37,0.07513513513513513,Fast
587,1.98,Rainy,Low,Afternoon,Bike,22,0.0,39,0.05076923076923077,Fast
781,14.03,Clear,Low,Afternoon,Bike,17,2.0,65,0.21584615384615383,Medium
673,2.06,Foggy,Medium,Evening,Scooter,22,4.0,40,0.051500000000000004,Medium
120,11.02,Clear,High,Morning,Scooter,22,2.0,70,0.15742857142857142,Slow
54,17.95,Snowy,High,Morning,Scooter,16,5.0,96,0.18697916666666667,Slow
152,5.17,Foggy,Low,Morning,Bike,29,0.0,56,0.09232142857142857,Medium
404,16.62,Snowy,Low,Afternoon,Bike,26,8.0,94,0.1768085106382979,Slow
946,0.71,Rainy,Low,Morning,Car,25,8.0,31,0.022903225806451613,Fast
208,13.44,Clear,Unknown,Evening,Scooter,9,5.0,55,0.24436363636363637,Medium
659,13.1,Clear,Low,Evening,Bike,28,2.0,72,0.18194444444444444,Slow
844,19.24,Rainy,High,Afternoon,Bike,9,7.0,75,0.25653333333333334,Slow
763,5.35,Clear,Medium,Afternoon,Scooter,24,6.0,43,0.12441860465116278,Medium
9,12.22,Clear,Low,Evening,Scooter,15,0.0,56,0.21821428571428572,Medium
808,18.55,Clear,Low,Afternoon,Car,11,9.0,69,0.2688405797101449,Medium
37,6.44,Clear,Low,Afternoon,Car,18,2.0,43,0.14976744186046512,Medium
453,8.77,Foggy,Medium,Evening,Car,14,7.0,49,0.17897959183673467,Medium
652,10.97,Clear,Low,Afternoon,Scooter,27,3.0,51,0.2150980392156863,Medium
254,6.68,Clear,High,Morning,Scooter,10,5.0,44,0.15181818181818182,Medium
304,12.93,Rainy,Low,Afternoon,Scooter,25,0.0,61,0.21196721311475408,Medium
747,7.99,Clear,Medium,Evening,Bike,18,4.0,42,0.19023809523809523,Medium
572,15.78,Clear,High,Afternoon,Scooter,12,1.0,68,0.23205882352941176,Medium
624,9.95,Windy,High,Evening,Scooter,21,5.0,72,0.13819444444444443,Slow
733,13.47,Rainy,Low,Afternoon,Scooter,7,6.0,46,0.29282608695652174,Medium
892,17.19,Clear,Medium,Afternoon,Bike,11,8.0,76,0.2261842105263158,Slow
263,3.23,Clear,High,Afternoon,Bike,17,9.0,33,0.09787878787878788,Fast
611,1.27,Foggy,High,Afternoon,Bike,25,9.0,46,0.027608695652173915,Medium
298,4.71,Clear,Low,Morning,Bike,20,6.0,31,0.15193548387096775,Fast
415,12.82,Rainy,Medium,Evening,Bike,28,9.0,72,0.17805555555555555,Slow
151,18.21,Unknown,Low,Evening,Bike,6,3.0,74,0.2460810810810811,Slow
789,9.51,Clear,High,Morning,Bike,26,9.0,63,0.15095238095238095,Medium
641,0.89,Rainy,Low,Morning,Car,9,0.0,20,0.0445,Fast
890,5.24,Windy,High,Afternoon,Scooter,26,8.0,51,0.1027450980392157,Medium
551,10.64,Windy,Low,Evening,Car,11,9.0,36,0.29555555555555557,Fast
887,13.23,Clear,Medium,Night,Bike,20,8.0,70,0.189,Slow
489,19.03,Clear,Medium,Morning,Scooter,8,8.0,65,0.2927692307692308,Medium
148,10.3,Rainy,Low,Evening,Bike,29,0.0,73,0.1410958904109589,Slow
147,12.39,Snowy,Medium,Evening,Bike,14,8.0,56,0.22125,Medium
721,18.8,Clear,High,Afternoon,Bike,23,7.0,95,0.19789473684210526,Slow
932,16.78,Rainy,Medium,Morning,Bike,22,1.0,70,0.23971428571428574,Slow
740,7.85,Clear,Low,Afternoon,Scooter,7,9.0,34,0.23088235294117646,Fast
660,11.63,Clear,Medium,Night,Scooter,29,7.0,57,0.20403508771929826,Medium
349,7.8,Windy,Medium,Afternoon,Car,17,6.0,44,0.17727272727272728,Medium
464,11.88,Rainy,Medium,Afternoon,Bike,5,1.0,63,0.18857142857142858,Medium
326,14.89,Clear,High,Evening,Car,22,9.0,88,0.16920454545454547,Slow
187,16.44,Rainy,High,Afternoon,Bike,12,5.0,86,0.19116279069767445,Slow
124,2.65,Unknown,Medium,Afternoon,Car,14,4.0,35,0.0757142857142857,Fast
854,18.01,Foggy,High,Night,Bike,14,2.0,71,0.25366197183098593,Slow
609,10.32,Clear,Medium,Night,Car,24,5.0,49,0.21061224489795918,Medium
144,6.37,Rainy,Low,Afternoon,Car,29,4.0,56,0.11375,Medium
959,3.74,Rainy,Low,Morning,Bike,19,6.0,36,0.10388888888888889,Fast
198,17.99,Windy,High,Evening,Bike,5,1.0,73,0.24643835616438353,Slow
610,13.96,Rainy,Low,Night,Bike,5,1.0,42,0.3323809523809524,Medium
280,16.02,Clear,Low,Evening,Bike,20,7.0,61,0.26262295081967213,Medium
294,7.52,Unknown,Medium,Afternoon,Car,17,9.0,44,0.1709090909090909,Medium
401,2.51,Clear,Low,Morning,Bike,16,2.0,28,0.08964285714285714,Fast
123,6.7,Foggy,High,Morning,Scooter,23,3.0,59,0.1135593220338983,Medium
184,17.61,Windy,Low,Morning,Bike,5,8.0,61,0.2886885245901639,Medium
203,3.65,Clear,Medium,Morning,Bike,29,9.0,46,0.07934782608695652,Medium
439,14.27,Clear,Medium,Night,Car,24,3.0,77,0.1853246753246753,Slow
247,8.85,Clear,Low,Afternoon,Bike,11,9.0,45,0.19666666666666666,Medium
416,9.24,Windy,Unknown,Afternoon,Bike,8,2.0,49,0.18857142857142858,Medium
933,19.7,Rainy,Low,Evening,Car,16,6.0,66,0.29848484848484846,Medium
766,11.61,Clear,High,Morning,Car,19,1.0,67,0.17328358208955222,Medium
907,16.44,Windy,High,Afternoon,Car,8,0.0,80,0.20550000000000002,Slow
836,8.67,Rainy,High,Afternoon,Bike,12,7.0,104,0.08336538461538462,Slow
888,5.14,Clear,Medium,Evening,Scooter,23,7.0,43,0.11953488372093023,Medium
130,10.46,Clear,Unknown,Evening,Bike,25,3.0,68,0.15382352941176472,Medium
638,5.23,Clear,Medium,Morning,Scooter,23,2.0,47,0.11127659574468086,Medium
403,10.35,Clear,Medium,Night,Bike,7,9.0,48,0.21562499999999998,Medium
785,4.04,Rainy,High,Evening,Bike,14,6.0,39,0.10358974358974359,Fast
771,2.66,Clear,Low,Afternoon,Bike,16,8.0,21,0.12666666666666668,Fast
736,17.61,Foggy,Medium,Afternoon,Bike,9,5.0,74,0.23797297297297296,Slow
914,8.48,Clear,High,Night,Bike,11,5.0,39,0.21743589743589745,Fast
220,17.06,Clear,Low,Evening,Bike,9,9.0,66,0.2584848484848485,Medium
642,6.78,Foggy,Low,Night,Bike,18,6.0,42,0.16142857142857142,Medium
916,9.0,Snowy,Medium,Afternoon,Car,29,3.0,78,0.11538461538461539,Slow
753,12.74,Clear,Low,Afternoon,Scooter,12,0.0,63,0.20222222222222222,Medium
807,18.72,Rainy,Medium,Afternoon,Bike,17,0.0,89,0.21033707865168538,Slow
920,3.23,Clear,Low,Unknown,Bike,7,7.0,14,0.2307142857142857,Fast
625,12.56,Clear,Low,Morning,Car,22,8.0,49,0.2563265306122449,Medium
875,1.0,Snowy,Medium,Morning,Bike,28,0.0,51,0.0196078431372549,Medium
761,3.46,Clear,Low,Morning,Bike,24,6.0,37,0.09351351351351352,Fast
387,6.0,Snowy,Low,Morning,Car,20,8.0,53,0.11320754716981132,Medium
973,14.79,Clear,Medium,Morning,Scooter,12,9.0,64,0.23109375,Medium
510,14.65,Snowy,High,Morning,Car,19,3.0,95,0.15421052631578946,Slow
268,14.2,Clear,Medium,Afternoon,Bike,17,1.0,73,0.19452054794520546,Slow
820,7.04,Clear,Low,Afternoon,Bike,11,8.0,38,0.18526315789473685,Fast
442,19.74,Clear,Unknown,Afternoon,Car,16,1.0,98,0.2014285714285714,Slow
497,11.88,Rainy,Medium,Evening,Bike,20,8.0,69,0.17217391304347826,Medium
113,18.63,Clear,Low,Evening,Bike,26,8.0,75,0.24839999999999998,Slow
692,8.8,Rainy,Medium,Afternoon,Bike,6,2.0,38,0.23157894736842108,Fast
233,11.75,Clear,High,Morning,Bike,9,2.0,55,0.21363636363636362,Medium
870,18.95,Snowy,Low,Morning,Car,27,0.0,92,0.20597826086956522,Slow
608,7.6,Foggy,Low,Morning,Bike,16,4.0,48,0.15833333333333333,Medium
672,17.99,Foggy,Low,Morning,Car,11,2.0,84,0.21416666666666664,Slow
374,13.82,Clear,Medium,Evening,Bike,21,9.0,72,0.19194444444444445,Slow
982,15.53,Foggy,Low,Evening,Bike,26,7.0,68,0.22838235294117645,Medium
843,3.97,Clear,High,Afternoon,Bike,19,8.0,40,0.09925,Medium
234,10.1,Clear,High,Morning,Car,17,6.0,55,0.18363636363636363,Medium
786,18.21,Foggy,Low,Morning,Bike,5,1.0,70,0.2601428571428572,Slow
677,2.68,Clear,Low,Morning,Bike,16,8.0,25,0.1072,Fast
318,3.88,Snowy,Low,Morning,Bike,9,6.0,33,0.11757575757575757,Fast
649,15.89,Snowy,Medium,Afternoon,Car,15,9.0,91,0.17461538461538462,Slow
411,6.73,Clear,Medium,Afternoon,Bike,21,1.0,54,0.12462962962962963,Medium
899,0.75,Clear,Medium,Afternoon,Bike,10,5.0,16,0.046875,Fast
710,13.79,Rainy,Low,Night,Scooter,11,0.0,69,0.1998550724637681,Medium
359,18.83,Clear,Medium,Evening,Scooter,5,8.0,69,0.27289855072463765,Medium
259,11.62,Clear,Low,Afternoon,Bike,9,8.0,33,0.3521212121212121,Fast
745,5.03,Clear,Medium,Morning,Bike,17,5.0,38,0.13236842105263158,Fast
628,15.08,Rainy,Medium,Evening,Scooter,26,1.0,94,0.16042553191489362,Slow
633,10.48,Rainy,Low,Afternoon,Car,10,7.0,45,0.2328888888888889,Medium
283,7.82,Rainy,Medium,Evening,Bike,16,8.0,45,0.17377777777777778,Medium
377,16.98,Clear,Low,Unknown,Bike,11,6.0,78,0.21769230769230768,Slow
385,14.83,Rainy,Low,Morning,Car,19,4.0,126,0.1176984126984127,Slow
225,5.67,Clear,Low,Morning,Scooter,11,9.0,27,0.21,Fast
954,18.33,Snowy,Medium,Morning,Scooter,5,5.0,67,0.2735820895522388,Medium
815,17.46,Clear,Medium,Morning,Scooter,6,5.0,62,0.28161290322580645,Medium
473,1.34,Foggy,High,Evening,Bike,9,5.0,30,0.04466666666666667,Fast
348,1.38,Clear,Low,Morning,Scooter,13,9.0,17,0.0811764705882353,Fast
506,3.67,Clear,Low,Unknown,Bike,9,0.0,26,0.14115384615384616,Fast
640,7.86,Windy,Medium,Morning,Car,22,2.0,55,0.1429090909090909,Medium
988,8.98,Clear,Medium,Afternoon,Scooter,22,8.0,105,0.08552380952380953,Slow
929,12.85,Rainy,Medium,Evening,Scooter,6,7.0,61,0.21065573770491802,Medium
906,17.91,Clear,Low,Afternoon,Bike,6,7.0,68,0.26338235294117646,Medium
620,15.09,Snowy,Low,Morning,Car,20,7.0,68,0.22191176470588236,Medium
856,4.22,Clear,Medium,Morning,Bike,16,7.0,35,0.12057142857142857,Fast
804,12.33,Clear,High,Night,Bike,7,2.0,101,0.12207920792079208,Slow
646,17.87,Snowy,Low,Morning,Scooter,29,4.0,87,0.20540229885057473,Slow
847,2.16,Clear,Medium,Night,Car,10,1.0,23,0.09391304347826088,Fast
557,3.11,Rainy,Medium,Morning,Scooter,21,1.0,43,0.07232558139534884,Medium
958,1.42,Clear,High,Afternoon,Scooter,24,2.0,40,0.0355,Medium
578,18.57,Rainy,Medium,Afternoon,Bike,16,7.0,89,0.20865168539325843,Slow
796,17.51,Clear,Medium,Evening,Bike,15,3.0,60,0.29183333333333333,Medium
86,6.84,Clear,Medium,Evening,Bike,25,1.0,51,0.13411764705882354,Medium
243,18.34,Snowy,Medium,Afternoon,Scooter,22,5.0,91,0.20153846153846153,Slow
699,3.51,Windy,Medium,Night,Bike,22,2.0,44,0.07977272727272727,Medium
160,14.7,Clear,Medium,Morning,Scooter,6,2.0,58,0.253448275862069,Medium
525,16.85,Clear,High,Morning,Car,17,4.0,71,0.23732394366197185,Slow
36,16.26,Rainy,Low,Morning,Car,27,5.0,66,0.2463636363636364,Medium
541,19.1,Snowy,Medium,Morning,Bike,25,6.0,90,0.21222222222222223,Slow
171,13.71,Rainy,Medium,Evening,Bike,22,9.0,64,0.21421875,Medium
655,8.92,Clear,Medium,Unknown,Bike,10,1.0,51,0.17490196078431372,Medium
891,14.58,Clear,Low,Evening,Bike,23,0.0,70,0.2082857142857143,Slow
858,9.71,Clear,Low,Afternoon,Car,27,5.0,61,0.15918032786885247,Medium
848,19.94,Clear,Low,Afternoon,Bike,26,6.0,83,0.2402409638554217,Slow
945,4.53,Snowy,Medium,Morning,Scooter,18,4.0,49,0.09244897959183673,Medium
734,10.7,Clear,High,Afternoon,Car,8,4.0,57,0.18771929824561404,Medium
96,10.13,Clear,Medium,Evening,Bike,22,0.0,65,0.15584615384615386,Medium
564,0.78,Clear,Low,Afternoon,Bike,11,0.0,18,0.043333333333333335,Fast
241,18.84,Foggy,Medium,Afternoon,Scooter,25,8.0,88,0.21409090909090908,Slow
743,15.08,Snowy,Low,Evening,Bike,29,7.0,84,0.17952380952380953,Slow
575,17.32,Clear,Low,Evening,Scooter,10,3.0,77,0.22493506493506493,Slow
691,6.81,Clear,Medium,Evening,Bike,23,2.0,47,0.1448936170212766,Medium
461,2.79,Clear,High,Morning,Bike,23,7.0,38,0.07342105263157894,Fast
554,11.44,Foggy,High,Afternoon,Car,14,4.0,74,0.1545945945945946,Slow
889,2.44,Snowy,High,Evening,Bike,13,9.0,39,0.06256410256410257,Fast
207,2.48,Rainy,Low,Evening,Scooter,20,8.0,30,0.08266666666666667,Fast
393,7.75,Unknown,Medium,Evening,Scooter,21,1.0,55,0.1409090909090909,Medium
795,0.85,Clear,Medium,Morning,Bike,9,8.0,17,0.049999999999999996,Fast
398,8.87,Clear,Low,Evening,Bike,19,3.0,55,0.16127272727272726,Medium
767,15.37,Snowy,Medium,Afternoon,Car,15,5.0,66,0.23287878787878788,Medium
849,10.29,Foggy,Medium,Evening,Scooter,25,4.0,67,0.1535820895522388,Medium
218,15.06,Rainy,Low,Morning,Bike,22,4.0,65,0.2316923076923077,Medium
5,3.54,Foggy,Low,Unknown,Bike,23,7.0,37,0.09567567567567567,Fast
769,7.17,Clear,Medium,Morning,Scooter,7,9.0,29,0.24724137931034482,Fast
643,4.62,Rainy,Medium,Afternoon,Car,8,3.0,33,0.14,Fast
930,5.53,Clear,Low,Morning,Car,10,8.0,27,0.2048148148148148,Fast
613,12.74,Rainy,Low,Afternoon,Bike,17,9.0,63,0.20222222222222222,Medium
739,9.06,Clear,High,Evening,Bike,26,3.0,61,0.14852459016393443,Medium
547,2.71,Foggy,Low,Morning,Bike,6,0.0,28,0.09678571428571428,Fast
726,16.92,Clear,Low,Night,Bike,23,5.0,78,0.21692307692307694,Slow
684,13.54,Foggy,Low,Morning,Bike,11,1.0,54,0.2507407407407407,Medium
99,1.0,Snowy,Medium,Morning,Bike,25,4.0,44,0.022727272727272728,Medium
805,8.77,Clear,Medium,Morning,Car,12,2.0,42,0.2088095238095238,Medium
728,16.01,Windy,Low,Morning,Car,28,0.0,84,0.19059523809523812,Slow
574,12.63,Foggy,Medium,Night,Scooter,8,8.0,49,0.25775510204081636,Medium
407,8.09,Foggy,Low,Evening,Car,22,2.0,56,0.1444642857142857,Medium
503,6.54,Clear,Medium,Night,Bike,10,7.0,39,0.1676923076923077,Fast
48,10.64,Clear,Medium,Afternoon,Scooter,14,5.0,45,0.23644444444444446,Medium
33,1.77,Clear,Medium,Evening,Bike,14,9.0,22,0.08045454545454546,Fast
780,13.0,Foggy,Low,Evening,Bike,25,7.0,77,0.16883116883116883,Slow
840,12.83,Clear,Low,Evening,Bike,5,8.0,50,0.2566,Medium
201,13.02,Snowy,High,Afternoon,Car,6,9.0,65,0.2003076923076923,Medium
135,18.89,Rainy,Medium,Morning,Scooter,22,1.0,74,0.25527027027027027,Slow
28,10.53,Foggy,High,Evening,Bike,25,8.0,72,0.14625,Slow
881,5.01,Rainy,Low,Afternoon,Bike,10,5.0,31,0.16161290322580643,Fast
231,16.0,Foggy,Medium,Afternoon,Scooter,13,3.0,65,0.24615384615384617,Medium
490,17.86,Clear,Low,Afternoon,Scooter,16,8.0,83,0.21518072289156626,Slow
773,2.99,Foggy,High,Afternoon,Bike,9,5.0,90,0.03322222222222222,Slow
379,16.38,Clear,Medium,Morning,Bike,6,2.0,51,0.3211764705882353,Medium
289,6.09,Clear,Medium,Night,Bike,7,4.0,27,0.22555555555555554,Fast
419,13.61,Clear,Low,Morning,Bike,26,0.0,66,0.2062121212121212,Medium
675,8.5,Snowy,High,Evening,Bike,14,7.0,56,0.15178571428571427,Medium
392,8.55,Clear,Low,Evening,Scooter,28,8.0,46,0.1858695652173913,Medium
593,4.05,Clear,Medium,Afternoon,Scooter,21,5.0,39,0.10384615384615384,Fast
499,19.5,Clear,High,Morning,Bike,18,2.0,73,0.2671232876712329,Slow
139,7.59,Clear,Unknown,Afternoon,Scooter,16,3.0,37,0.20513513513513512,Fast
63,16.66,Snowy,High,Afternoon,Scooter,29,7.0,95,0.1753684210526316,Slow
472,19.41,Snowy,High,Evening,Car,21,3.0,100,0.1941,Slow
648,13.74,Foggy,Medium,Afternoon,Bike,6,1.0,56,0.24535714285714286,Medium
129,0.64,Clear,High,Night,Bike,10,3.0,24,0.02666666666666667,Fast
977,12.1,Clear,High,Afternoon,Bike,11,0.0,53,0.22830188679245284,Medium
521,12.09,Clear,Medium,Morning,Car,13,1.0,60,0.20149999999999998,Medium
839,11.82,Windy,Medium,Night,Bike,24,7.0,77,0.1535064935064935,Slow
963,5.28,Foggy,Low,Morning,Bike,27,6.0,53,0.09962264150943397,Medium
65,5.98,Clear,Low,Evening,Car,22,9.0,35,0.17085714285714287,Fast
813,2.93,Clear,Medium,Morning,Bike,24,8.0,94,0.03117021276595745,Slow
15,4.05,Snowy,Medium,Evening,Scooter,19,2.0,50,0.081,Medium
157,13.61,Clear,Low,Unknown,Scooter,12,2.0,43,0.31651162790697673,Medium
41,2.88,Rainy,Unknown,Morning,Car,16,4.0,41,0.07024390243902438,Medium
493,5.91,Clear,Medium,Evening,Scooter,29,4.0,57,0.1036842105263158,Medium
380,6.0,Rainy,Medium,Evening,Scooter,21,2.0,47,0.1276595744680851,Medium
188,11.33,Clear,Medium,Afternoon,Scooter,29,7.0,77,0.14714285714285713,Slow
764,15.01,Clear,Medium,Morning,Bike,15,6.0,64,0.23453125,Medium
217,6.85,Clear,High,Morning,Bike,16,5.0,48,0.14270833333333333,Medium
792,11.93,Snowy,High,Morning,Car,7,1.0,75,0.15906666666666666,Slow
53,18.82,Windy,Low,Morning,Car,5,3.0,77,0.24441558441558442,Slow
879,1.03,Clear,Medium,Afternoon,Bike,19,4.0,29,0.035517241379310345,Fast
338,14.22,Rainy,Unknown,Evening,Car,25,8.0,84,0.1692857142857143,Slow
749,18.18,Snowy,High,Unknown,Bike,17,3.0,85,0.21388235294117647,Slow
720,14.75,Clear,Low,Morning,Car,10,7.0,62,0.23790322580645162,Medium
725,11.7,Rainy,Low,Afternoon,Bike,17,5.0,60,0.19499999999999998,Medium
296,10.68,Clear,Low,Morning,Bike,14,1.0,42,0.2542857142857143,Medium
702,1.51,Clear,High,Evening,Bike,26,1.0,44,0.03431818181818182,Medium
252,8.01,Clear,High,Morning,Bike,8,6.0,48,0.166875,Medium
727,3.23,Rainy,Low,Morning,Car,25,7.0,42,0.0769047619047619,Medium
462,13.16,Rainy,High,Morning,Scooter,25,8.0,68,0.1935294117647059,Medium
456,10.11,Windy,Low,Morning,Bike,11,4.0,44,0.22977272727272727,Medium
997,18.39,Windy,Low,Afternoon,Bike,24,6.0,74,0.24851351351351353,Slow
816,10.62,Windy,Medium,Afternoon,Car,22,5.0,54,0.19666666666666666,Medium
863,10.73,Clear,Unknown,Afternoon,Bike,7,5.0,57,0.18824561403508772,Medium
270,6.23,Clear,Medium,Evening,Car,20,1.0,51,0.12215686274509804,Medium
202,2.14,Clear,Low,Afternoon,Bike,25,1.0,36,0.059444444444444446,Fast
162,12.83,Clear,Medium,Morning,Bike,19,2.0,76,0.16881578947368422,Slow
556,8.37,Clear,High,Evening,Scooter,13,7.0,42,0.19928571428571426,Medium
730,3.69,Rainy,Medium,Afternoon,Bike,8,8.0,27,0.13666666666666666,Fast
402,18.1,Clear,Low,Morning,Scooter,8,5.0,77,0.2350649350649351,Slow
703,7.06,Clear,Low,Afternoon,Scooter,26,5.0,51,0.1384313725490196,Medium
477,1.94,Foggy,Low,Night,Bike,10,1.0,25,0.0776,Fast
822,0.59,Clear,Low,Afternoon,Bike,21,0.0,27,0.02185185185185185,Fast
772,17.01,Snowy,Low,Night,Bike,28,6.0,97,0.17536082474226805,Slow
106,5.36,Clear,Low,Afternoon,Scooter,11,4.0,30,0.17866666666666667,Fast
566,12.0,Clear,Low,Evening,Car,25,0.0,75,0.16,Slow
390,16.23,Clear,Medium,Evening,Bike,6,0.0,54,0.3005555555555556,Medium
2,19.04,Rainy,Low,Evening,Car,12,6.0,60,0.3173333333333333,Medium
938,18.33,Foggy,Medium,Morning,Scooter,19,0.0,98,0.1870408163265306,Slow
983,2.58,Clear,Medium,Morning,Scooter,25,7.0,37,0.06972972972972973,Fast
562,4.65,Clear,Medium,Evening,Bike,21,1.0,46,0.10108695652173914,Medium
81,17.33,Snowy,Low,Evening,Scooter,12,3.0,79,0.2193670886075949,Slow
206,0.68,Snowy,High,Evening,Bike,29,8.0,50,0.013600000000000001,Medium
35,19.33,Clear,Medium,Morning,Bike,7,8.0,73,0.26479452054794517,Slow
776,3.42,Clear,Medium,Night,Car,11,9.0,24,0.1425,Fast
509,19.02,Rainy,High,Evening,Scooter,22,1.0,106,0.17943396226415093,Slow
428,17.81,Windy,High,Evening,Bike,21,4.0,122,0.14598360655737705,Slow
455,2.67,Clear,Medium,Night,Car,17,6.0,28,0.09535714285714285,Fast
367,19.24,Snowy,Low,Unknown,Bike,26,1.0,114,0.16877192982456138,Slow
92,14.41,Rainy,Unknown,Night,Bike,16,6.0,85,0.16952941176470587,Slow
340,2.41,Unknown,Medium,Evening,Bike,15,9.0,25,0.0964,Fast
898,17.98,Clear,Low,Evening,Bike,5,8.0,45,0.39955555555555555,Medium
565,7.34,Foggy,Medium,Afternoon,Bike,22,5.0,93,0.0789247311827957,Slow
346,12.51,Clear,Medium,Evening,Bike,18,5.0,62,0.2017741935483871,Medium
777,4.97,Rainy,Low,Evening,Bike,17,9.0,34,0.1461764705882353,Fast
242,19.1,Snowy,Low,Afternoon,Bike,18,1.0,101,0.1891089108910891,Slow
14,4.64,Clear,Low,Afternoon,Bike,15,9.0,24,0.19333333333333333,Fast
316,14.07,Rainy,Low,Evening,Bike,10,5.0,63,0.22333333333333333,Medium
601,3.79,Clear,Medium,Morning,Bike,13,2.0,34,0.11147058823529411,Fast
388,3.96,Clear,Medium,Afternoon,Bike,23,5.0,44,0.09,Medium
274,18.31,Clear,Medium,Afternoon,Bike,25,3.0,79,0.23177215189873415,Slow
167,6.76,Foggy,Medium,Night,Bike,7,6.0,42,0.16095238095238096,Medium
841,0.76,Clear,Low,Afternoon,Car,26,9.0,28,0.027142857142857142,Fast
993,5.81,Rainy,Medium,Evening,Bike,14,8.0,41,0.14170731707317072,Medium
647,12.08,Clear,High,Afternoon,Scooter,16,4.0,60,0.20133333333333334,Medium
819,1.57,Rainy,Low,Evening,Car,16,1.0,30,0.052333333333333336,Fast
485,11.89,Clear,Medium,Afternoon,Bike,28,0.0,79,0.15050632911392406,Slow
981,7.02,Clear,Medium,Evening,Car,23,2.0,53,0.13245283018867923,Medium
505,13.85,Clear,Low,Evening,Bike,29,5.0,71,0.19507042253521126,Slow
832,9.32,Rainy,Medium,Evening,Scooter,24,2.0,71,0.13126760563380283,Slow
244,7.72,Foggy,High,Evening,Bike,19,4.0,64,0.120625,Medium
567,8.15,Rainy,Low,Afternoon,Bike,26,2.0,50,0.163,Medium
876,3.54,Rainy,Medium,Afternoon,Scooter,17,4.0,41,0.08634146341463415,Medium
563,3.16,Snowy,Low,Morning,Car,9,5.0,27,0.11703703703703704,Fast
687,11.65,Windy,Low,Night,Bike,10,3.0,53,0.219811320754717,Medium
190,5.22,Snowy,Medium,Unknown,Scooter,14,3.0,43,0.1213953488372093,Medium
783,5.41,Clear,High,Morning,Scooter,17,6.0,38,0.1423684210526316,Fast
700,9.88,Rainy,Medium,Morning,Car,7,0.0,43,0.22976744186046513,Medium
476,19.86,Rainy,High,Evening,Bike,12,8.0,71,0.2797183098591549,Slow
682,5.53,Windy,High,Morning,Bike,23,4.0,59,0.09372881355932204,Medium
511,12.46,Foggy,Low,Afternoon,Bike,10,1.0,62,0.2009677419354839,Medium
59,1.38,Clear,Medium,Morning,Car,6,3.0,17,0.0811764705882353,Fast
475,10.79,Clear,Medium,Evening,Scooter,24,1.0,65,0.16599999999999998,Medium
561,14.23,Clear,Medium,Afternoon,Scooter,23,7.0,70,0.2032857142857143,Slow
857,1.21,Snowy,Low,Afternoon,Bike,22,1.0,39,0.031025641025641024,Fast
748,11.1,Clear,Low,Afternoon,Bike,18,7.0,56,0.1982142857142857,Medium
253,17.1,Clear,Medium,Evening,Bike,25,5.0,65,0.2630769230769231,Medium
22,3.22,Clear,Medium,Afternoon,Bike,19,9.0,32,0.100625,Fast
314,19.27,Foggy,Medium,Morning,Car,29,9.0,85,0.22670588235294117,Slow
460,2.82,Rainy,Medium,Evening,Scooter,10,1.0,29,0.09724137931034482,Fast
161,7.67,Foggy,Medium,Afternoon,Scooter,22,8.0,59,0.13,Medium
277,16.07,Clear,Medium,Evening,Bike,16,5.0,64,0.25109375,Medium
956,7.97,Windy,Medium,Evening,Scooter,9,8.0,35,0.2277142857142857,Fast
192,18.0,Rainy,High,Night,Car,22,5.0,98,0.1836734693877551,Slow
386,16.17,Clear,Medium,Evening,Scooter,12,2.0,78,0.20730769230769233,Slow
806,14.86,Unknown,High,Night,Scooter,15,4.0,91,0.1632967032967033,Slow
414,11.68,Clear,Unknown,Afternoon,Scooter,25,7.0,70,0.16685714285714284,Slow
492,12.59,Clear,Low,Evening,Scooter,10,2.0,39,0.32282051282051283,Fast
344,8.96,Snowy,Unknown,Morning,Car,6,5.0,51,0.17568627450980392,Medium
770,16.51,Clear,Medium,Morning,Bike,7,1.0,79,0.20898734177215192,Slow
309,16.01,Clear,Low,Afternoon,Car,12,4.0,72,0.22236111111111112,Slow
662,19.74,Rainy,High,Afternoon,Scooter,11,7.0,81,0.24370370370370367,Slow
131,8.64,Snowy,Low,Evening,Bike,29,4.0,62,0.13935483870967744,Medium
664,5.13,Clear,Medium,Morning,Car,16,1.0,38,0.135,Fast
872,5.78,Clear,High,Morning,Bike,11,5.0,38,0.15210526315789474,Fast
100,2.6,Clear,Low,Afternoon,Bike,16,1.0,29,0.0896551724137931,Fast
373,2.34,Foggy,Medium,Morning,Bike,8,2.0,28,0.08357142857142856,Fast
88,12.93,Clear,Medium,Morning,Scooter,20,8.0,58,0.2229310344827586,Medium
459,1.6,Clear,Medium,Evening,Bike,14,8.0,24,0.06666666666666667,Fast
331,7.44,Rainy,Low,Evening,Bike,27,5.0,53,0.14037735849056604,Medium
215,14.39,Rainy,Medium,Morning,Scooter,6,5.0,50,0.2878,Medium
467,6.07,Unknown,Low,Afternoon,Bike,18,4.0,35,0.17342857142857143,Fast
122,17.97,Windy,Medium,Morning,Scooter,28,7.0,92,0.19532608695652173,Slow
615,17.53,Clear,Low,Afternoon,Bike,14,6.0,79,0.2218987341772152,Slow
21,12.43,Rainy,High,Morning,Bike,13,6.0,70,0.17757142857142857,Slow
701,10.89,Windy,Medium,Evening,Bike,7,0.0,58,0.18775862068965518,Medium
72,4.37,Clear,Medium,Evening,Scooter,6,7.0,25,0.1748,Fast
107,8.5,Clear,High,Evening,Car,13,3.0,54,0.1574074074074074,Medium
271,16.28,Rainy,Low,Morning,Scooter,8,9.0,71,0.22929577464788733,Slow
861,15.62,Snowy,High,Evening,Scooter,26,2.0,81,0.1928395061728395,Slow
436,14.17,Clear,Low,Afternoon,Bike,8,0.0,55,0.2576363636363636,Medium
103,6.63,Foggy,Low,Night,Scooter,24,3.0,58,0.1143103448275862,Medium
